date_time,Bus No,Week Day,Bus Type,Driver Rating Based On Time,Driver Rating Based On Decepline,Bus Rating,Driver Age,Weather,Longtide,Latitude,Distance
2020-01-09 16:17:26,NA-7111,Thursday,Normal,4.0,4.5,4.5,32,32,8.35546,80.42511999999999,43.884140438868755
2020-01-09 16:17:27,NA-7111,Thursday,Normal,4.0,4.5,4.5,32,32,8.35529,80.42548000000001,16.521859455635237
2020-01-09 16:17:28,NA-7111,Thursday,Normal,4.0,4.5,4.5,32,32,8.35529,80.42563,12.324791079195059
2020-01-09 16:17:29,NA-7111,Thursday,Normal,4.0,4.5,4.5,32,32,8.35524,80.42573,9.974621324762232
2020-01-09 16:17:30,NA-7111,Thursday,Normal,4.0,4.5,4.5,32,32,8.35525,80.42582,12.166404925096678
2020-01-09 16:17:31,NA-7111,Thursday,Normal,4.0,4.5,4.5,32,32,8.35524,80.42593000000001,16.277849013031513
2020-01-09 16:17:32,NA-7111,Thursday,Normal,4.0,4.5,4.5,32,32,8.35517,80.42605999999999,16.0424419264121
2020-01-09 16:17:33,NA-7111,Thursday,Normal,4.0,4.5,4.5,32,32,8.35513,80.4262,13.263683877603164
2020-01-09 16:17:34,NA-7111,Thursday,Normal,4.0,4.5,4.5,32,32,8.35512,80.42631999999999,15.578246481357803
2020-01-09 16:17:35,NA-7111,Thursday,Normal,4.0,4.5,4.5,32,32,8.3551,80.42645999999999,14.69833551844665
2020-01-09 16:17:36,NA-7111,Thursday,Normal,4.0,4.5,4.5,32,32,8.35507,80.42659,13.401303100258913
2020-01-09 16:17:37,NA-7111,Thursday,Normal,4.0,4.5,4.5,32,32,8.35505,80.42671,13.62757774871275
2020-01-09 16:17:38,NA-7111,Thursday,Normal,4.0,4.5,4.5,32,32,8.35502,80.42683000000001,14.488796255694071
2020-01-09 16:17:39,NA-7111,Thursday,Normal,4.0,4.5,4.5,32,32,8.355,80.42696,13.627579378830644
2020-01-09 16:17:40,NA-7111,Thursday,Normal,4.0,4.5,4.5,32,32,8.35497,80.42708,15.34966394436766
2020-01-09 16:17:41,NA-7111,Thursday,Normal,4.0,4.5,4.5,32,32,8.35492,80.42721,15.34966563878082
2020-01-09 16:17:42,NA-7111,Thursday,Normal,4.0,4.5,4.5,32,32,8.35487,80.42734,14.789762012895567
2020-01-09 16:17:43,NA-7111,Thursday,Normal,4.0,4.5,4.5,32,32,8.35481,80.42746,15.781869243358262
2020-01-09 16:17:44,NA-7111,Thursday,Normal,4.0,4.5,4.5,32,32,8.35475,80.42759000000001,14.789765604500214
2020-01-09 16:17:45,NA-7111,Thursday,Normal,4.0,4.5,4.5,32,32,8.35469,80.42771,16.277866554446128
2020-01-09 16:17:46,NA-7111,Thursday,Normal,4.0,4.5,4.5,32,32,8.354619999999999,80.42784,14.378275646869948
2020-01-09 16:17:47,NA-7111,Thursday,Normal,4.0,4.5,4.5,32,32,8.35455,80.42795,14.789771589998372
2020-01-09 16:17:48,NA-7111,Thursday,Normal,4.0,4.5,4.5,32,32,8.35449,80.42806999999999,15.781879784323817
2020-01-09 16:17:49,NA-7111,Thursday,Normal,4.0,4.5,4.5,32,32,8.35443,80.4282,16.381987481363836
2020-01-09 16:17:50,NA-7111,Thursday,Normal,4.0,4.5,4.5,32,32,8.35438,80.42834,17.93297037946202
2020-01-09 16:17:51,NA-7111,Thursday,Normal,4.0,4.5,4.5,32,32,8.35435,80.4285,16.8517606682164
2020-01-09 16:17:52,NA-7111,Thursday,Normal,4.0,4.5,4.5,32,32,8.35432,80.42865,19.01650841141459
2020-01-09 16:17:53,NA-7111,Thursday,Normal,4.0,4.5,4.5,32,32,8.354289999999999,80.42882,19.01650981897086
2020-01-09 16:17:54,NA-7111,Thursday,Normal,4.0,4.5,4.5,32,32,8.35426,80.42899,15.773355327253578
2020-01-09 16:17:55,NA-7111,Thursday,Normal,4.0,4.5,4.5,32,32,8.354230000000001,80.42913,16.04247734496805
2020-01-09 16:17:56,NA-7111,Thursday,Normal,4.0,4.5,4.5,32,32,8.35419,80.42926999999999,16.6693168800705
2020-01-09 16:17:57,NA-7111,Thursday,Normal,4.0,4.5,4.5,32,32,8.35417,80.42942,14.698368516937226
2020-01-09 16:17:58,NA-7111,Thursday,Normal,4.0,4.5,4.5,32,32,8.35414,80.42955,14.698369578652214
2020-01-09 16:17:59,NA-7111,Thursday,Normal,4.0,4.5,4.5,32,32,8.35411,80.42968,16.042481867836035
2020-01-09 16:18:00,NA-7111,Thursday,Normal,4.0,4.5,4.5,32,32,8.35407,80.42981999999999,14.986809040836325
2020-01-09 16:18:01,NA-7111,Thursday,Normal,4.0,4.5,4.5,32,32,8.35403,80.42995,14.698373482871164
2020-01-09 16:18:02,NA-7111,Thursday,Normal,4.0,4.5,4.5,32,32,8.354,80.43008,13.938224827626625
2020-01-09 16:18:03,NA-7111,Thursday,Normal,4.0,4.5,4.5,32,32,8.35396,80.4302,14.986812865296091
2020-01-09 16:18:04,NA-7111,Thursday,Normal,4.0,4.5,4.5,32,32,8.35392,80.43033,11.86982075267809
2020-01-09 16:18:05,NA-7111,Thursday,Normal,4.0,4.5,4.5,32,32,8.35388,80.43043,14.488837313930699
2020-01-09 16:18:06,NA-7111,Thursday,Normal,4.0,4.5,4.5,32,32,8.353860000000001,80.43056,13.401343245808269
2020-01-09 16:18:07,NA-7111,Thursday,Normal,4.0,4.5,4.5,32,32,8.35384,80.43068000000001,12.116075002520803
2020-01-09 16:18:08,NA-7111,Thursday,Normal,4.0,4.5,4.5,32,32,8.35384,80.43079,13.263726801229865
2020-01-09 16:18:09,NA-7111,Thursday,Normal,4.0,4.5,4.5,32,32,8.35385,80.43091,14.488837675533944
2020-01-09 16:18:10,NA-7111,Thursday,Normal,4.0,4.5,4.5,32,32,8.35387,80.43104,14.3616449258291
2020-01-09 16:18:11,NA-7111,Thursday,Normal,4.0,4.5,4.5,32,32,8.35388,80.43117,15.578293880409717
2020-01-09 16:18:12,NA-7111,Thursday,Normal,4.0,4.5,4.5,32,32,8.3539,80.43131,15.578293103420217
2020-01-09 16:18:13,NA-7111,Thursday,Normal,4.0,4.5,4.5,32,32,8.35392,80.43145,14.361643109969977
2020-01-09 16:18:14,NA-7111,Thursday,Normal,4.0,4.5,4.5,32,32,8.35393,80.43158000000001,14.361642745114857
2020-01-09 16:18:15,NA-7111,Thursday,Normal,4.0,4.5,4.5,32,32,8.35394,80.43171,13.40133992700408
2020-01-09 16:18:16,NA-7111,Thursday,Normal,4.0,4.5,4.5,32,32,8.35396,80.43183,13.263722777396383
2020-01-09 16:18:17,NA-7111,Thursday,Normal,4.0,4.5,4.5,32,32,8.35397,80.43195,11.069996195986015
2020-01-09 16:18:18,NA-7111,Thursday,Normal,4.0,4.5,4.5,32,32,8.35398,80.43205,11.069995914204954
2020-01-09 16:18:19,NA-7111,Thursday,Normal,4.0,4.5,4.5,32,32,8.35399,80.43215,12.116070376544442
2020-01-09 16:18:20,NA-7111,Thursday,Normal,4.0,4.5,4.5,32,32,8.35399,80.43226,9.913148489645224
2020-01-09 16:18:21,NA-7111,Thursday,Normal,4.0,4.5,4.5,32,32,8.35399,80.43235,8.880823215148517
2020-01-09 16:18:22,NA-7111,Thursday,Normal,4.0,4.5,4.5,32,32,8.354,80.43243000000001,8.880822989909213
2020-01-09 16:18:23,NA-7111,Thursday,Normal,4.0,4.5,4.5,32,32,8.35401,80.43251,4.405796236471877
2020-01-09 16:18:24,NA-7111,Thursday,Normal,4.0,4.5,4.5,32,32,8.35401,80.43255,1.1014490577166822
2020-01-09 16:18:25,NA-7111,Thursday,Normal,4.0,4.5,4.5,32,32,8.35401,80.43256,1.5608893554082528
2020-01-09 16:18:26,NA-7111,Thursday,Normal,4.0,4.5,4.5,32,32,8.354,80.43255,2.2028981743229537
2020-01-09 16:18:27,NA-7111,Thursday,Normal,4.0,4.5,4.5,32,32,8.354,80.43253,2.4649434090051674
2020-01-09 16:18:28,NA-7111,Thursday,Normal,4.0,4.5,4.5,32,32,8.35399,80.43251,2.2028982290086145
2020-01-09 16:18:29,NA-7111,Thursday,Normal,4.0,4.5,4.5,32,32,8.35399,80.43249,3.304347344213567
2020-01-09 16:18:31,NA-7111,Thursday,Normal,4.0,4.5,4.5,32,32,8.35399,80.43252,4.405796459418515
2020-01-09 16:18:32,NA-7111,Thursday,Normal,4.0,4.5,4.5,32,32,8.35399,80.43256,6.700669217715163
2020-01-09 16:18:33,NA-7111,Thursday,Normal,4.0,4.5,4.5,32,32,8.354,80.43262,6.608765492427811
2020-01-09 16:18:34,NA-7111,Thursday,Normal,4.0,4.5,4.5,32,32,8.354,80.43268,6.700669049194246
2020-01-09 16:18:35,NA-7111,Thursday,Normal,4.0,4.5,4.5,32,32,8.35401,80.43274,7.7102262115173525
2020-01-09 16:18:36,NA-7111,Thursday,Normal,4.0,4.5,4.5,32,32,8.35401,80.43281,9.913147984835284
2020-01-09 16:18:37,NA-7111,Thursday,Normal,4.0,4.5,4.5,32,32,8.35401,80.4329,8.81168709747567
2020-01-09 16:18:38,NA-7111,Thursday,Normal,4.0,4.5,4.5,32,32,8.35401,80.43298,7.710226210116051
2020-01-09 16:18:39,NA-7111,Thursday,Normal,4.0,4.5,4.5,32,32,8.35401,80.43305,8.81168709887697
2020-01-09 16:18:40,NA-7111,Thursday,Normal,4.0,4.5,4.5,32,32,8.35401,80.43313,8.880822991316505
2020-01-09 16:18:41,NA-7111,Thursday,Normal,4.0,4.5,4.5,32,32,8.354,80.43321,12.166443015295012
2020-01-09 16:18:42,NA-7111,Thursday,Normal,4.0,4.5,4.5,32,32,8.35401,80.43332,12.166442709473126
2020-01-09 16:18:43,NA-7111,Thursday,Normal,4.0,4.5,4.5,32,32,8.35402,80.43343,11.23451549380077
2020-01-09 16:18:44,NA-7111,Thursday,Normal,4.0,4.5,4.5,32,32,8.35404,80.43353,14.361638747089279
2020-01-09 16:18:45,NA-7111,Thursday,Normal,4.0,4.5,4.5,32,32,8.35405,80.43366,14.488830472678691
2020-01-09 16:18:46,NA-7111,Thursday,Normal,4.0,4.5,4.5,32,32,8.35407,80.43379,14.361637656671295
2020-01-09 16:18:47,NA-7111,Thursday,Normal,4.0,4.5,4.5,32,32,8.35408,80.43392,13.401335281273942
2020-01-09 16:18:48,NA-7111,Thursday,Normal,4.0,4.5,4.5,32,32,8.3541,80.43404,12.166439946360864
2020-01-09 16:18:49,NA-7111,Thursday,Normal,4.0,4.5,4.5,32,32,8.35411,80.43415,12.11606667318158
2020-01-09 16:18:50,NA-7111,Thursday,Normal,4.0,4.5,4.5,32,32,8.35411,80.43426,13.26371774893493
2020-01-09 16:18:51,NA-7111,Thursday,Normal,4.0,4.5,4.5,32,32,8.35412,80.43438,12.116066366083702
2020-01-09 16:18:52,NA-7111,Thursday,Normal,4.0,4.5,4.5,32,32,8.35412,80.43449,14.361635839358234
2020-01-09 16:18:53,NA-7111,Thursday,Normal,4.0,4.5,4.5,32,32,8.35413,80.43462,15.460057796170297
2020-01-09 16:18:54,NA-7111,Thursday,Normal,4.0,4.5,4.5,32,32,8.35414,80.43476,15.460057403193002
2020-01-09 16:18:55,NA-7111,Thursday,Normal,4.0,4.5,4.5,32,32,8.35415,80.4349,15.460057012972797
2020-01-09 16:18:56,NA-7111,Thursday,Normal,4.0,4.5,4.5,32,32,8.35416,80.43504,16.521906998804937
2020-01-09 16:18:57,NA-7111,Thursday,Normal,4.0,4.5,4.5,32,32,8.35416,80.43519,15.460056619956708
2020-01-09 16:18:58,NA-7111,Thursday,Normal,4.0,4.5,4.5,32,32,8.35417,80.43533000000001,16.52190657672044
2020-01-09 16:18:59,NA-7111,Thursday,Normal,4.0,4.5,4.5,32,32,8.35417,80.43548,16.558882074848142
2020-01-09 16:19:00,NA-7111,Thursday,Normal,4.0,4.5,4.5,32,32,8.35418,80.43563,16.558881655103946
2020-01-09 16:19:01,NA-7111,Thursday,Normal,4.0,4.5,4.5,32,32,8.35419,80.43578000000001,15.460055443827287
2020-01-09 16:19:02,NA-7111,Thursday,Normal,4.0,4.5,4.5,32,32,8.3542,80.43592,15.460055055015081
2020-01-09 16:19:03,NA-7111,Thursday,Normal,4.0,4.5,4.5,32,32,8.35421,80.43606,14.318984241077949
2020-01-09 16:19:04,NA-7111,Thursday,Normal,4.0,4.5,4.5,32,32,8.35421,80.43619,12.116063590975866
2020-01-09 16:19:05,NA-7111,Thursday,Normal,4.0,4.5,4.5,32,32,8.35421,80.4363,12.166436871839164
2020-01-09 16:19:06,NA-7111,Thursday,Normal,4.0,4.5,4.5,32,32,8.3542,80.43641,13.21752425257507
2020-01-09 16:19:07,NA-7111,Thursday,Normal,4.0,4.5,4.5,32,32,8.3542,80.43653,12.16643687184027
2020-01-09 16:19:08,NA-7111,Thursday,Normal,4.0,4.5,4.5,32,32,8.35421,80.43664,12.116063590975866
2020-01-09 16:19:09,NA-7111,Thursday,Normal,4.0,4.5,4.5,32,32,8.35421,80.43675,13.263714394254992
2020-01-09 16:19:10,NA-7111,Thursday,Normal,4.0,4.5,4.5,32,32,8.35422,80.43687,14.361632206083252
2020-01-09 16:19:11,NA-7111,Thursday,Normal,4.0,4.5,4.5,32,32,8.354230000000001,80.437,14.361631842612304
2020-01-09 16:19:12,NA-7111,Thursday,Normal,4.0,4.5,4.5,32,32,8.354239999999999,80.43713000000001,13.217522906380022
2020-01-09 16:19:13,NA-7111,Thursday,Normal,4.0,4.5,4.5,32,32,8.354239999999999,80.43725,13.263713388287174
2020-01-09 16:19:14,NA-7111,Thursday,Normal,4.0,4.5,4.5,32,32,8.35425,80.43737,12.11606235556097
2020-01-09 16:19:15,NA-7111,Thursday,Normal,4.0,4.5,4.5,32,32,8.35425,80.43748000000001,13.217522569830258
2020-01-09 16:19:16,NA-7111,Thursday,Normal,4.0,4.5,4.5,32,32,8.35425,80.4376,14.361631114271967
2020-01-09 16:19:17,NA-7111,Thursday,Normal,4.0,4.5,4.5,32,32,8.35426,80.43773,13.26371271762035
2020-01-09 16:19:18,NA-7111,Thursday,Normal,4.0,4.5,4.5,32,32,8.35427,80.43785,13.263712383682767
2020-01-09 16:19:19,NA-7111,Thursday,Normal,4.0,4.5,4.5,32,32,8.354280000000001,80.43796999999999,13.401328647630828
2020-01-09 16:19:20,NA-7111,Thursday,Normal,4.0,4.5,4.5,32,32,8.3543,80.43809,13.263711377648919
2020-01-09 16:19:21,NA-7111,Thursday,Normal,4.0,4.5,4.5,32,32,8.35431,80.43821,12.16643349289394
2020-01-09 16:19:22,NA-7111,Thursday,Normal,4.0,4.5,4.5,32,32,8.35432,80.43831999999999,11.069986429763471
2020-01-09 16:19:23,NA-7111,Thursday,Normal,4.0,4.5,4.5,32,32,8.354330000000001,80.43842,12.166432879879778
2020-01-09 16:19:24,NA-7111,Thursday,Normal,4.0,4.5,4.5,32,32,8.354339999999999,80.43853,11.014599617153447
2020-01-09 16:19:25,NA-7111,Thursday,Normal,4.0,4.5,4.5,32,32,8.354339999999999,80.43863,12.166432572778659
2020-01-09 16:19:26,NA-7111,Thursday,Normal,4.0,4.5,4.5,32,32,8.35435,80.43874,12.166432265596967
2020-01-09 16:19:27,NA-7111,Thursday,Normal,4.0,4.5,4.5,32,32,8.35436,80.43885,12.166431956987344
2020-01-09 16:19:28,NA-7111,Thursday,Normal,4.0,4.5,4.5,32,32,8.35437,80.43896,13.217518532603192
2020-01-09 16:19:29,NA-7111,Thursday,Normal,4.0,4.5,4.5,32,32,8.35437,80.43908,12.316314873174642
2020-01-09 16:19:30,NA-7111,Thursday,Normal,4.0,4.5,4.5,32,32,8.354389999999999,80.43919,11.014598214842758
2020-01-09 16:19:31,NA-7111,Thursday,Normal,4.0,4.5,4.5,32,32,8.354389999999999,80.43929,11.069984476692648
2020-01-09 16:19:32,NA-7111,Thursday,Normal,4.0,4.5,4.5,32,32,8.3544,80.43939,8.811678347223447
2020-01-09 16:19:33,NA-7111,Thursday,Normal,4.0,4.5,4.5,32,32,8.3544,80.43947,7.7891369370988155
2020-01-09 16:19:34,NA-7111,Thursday,Normal,4.0,4.5,4.5,32,32,8.354410000000001,80.43954000000001,7.710218357320928
2020-01-09 16:19:35,NA-7111,Thursday,Normal,4.0,4.5,4.5,32,32,8.354410000000001,80.43961,7.710218358722231
2020-01-09 16:19:36,NA-7111,Thursday,Normal,4.0,4.5,4.5,32,32,8.354410000000001,80.43968000000001,6.608758590387881
2020-01-09 16:19:37,NA-7111,Thursday,Normal,4.0,4.5,4.5,32,32,8.354410000000001,80.43974,8.880813866690893
2020-01-09 16:19:38,NA-7111,Thursday,Normal,4.0,4.5,4.5,32,32,8.35442,80.43982,8.880813644243238
2020-01-09 16:19:39,NA-7111,Thursday,Normal,4.0,4.5,4.5,32,32,8.35443,80.4399,9.974641641880899
2020-01-09 16:19:40,NA-7111,Thursday,Normal,4.0,4.5,4.5,32,32,8.354439999999999,80.43999000000001,9.913137131131238
2020-01-09 16:19:41,NA-7111,Thursday,Normal,4.0,4.5,4.5,32,32,8.354439999999999,80.44008000000001,8.880813197715028
2020-01-09 16:19:42,NA-7111,Thursday,Normal,4.0,4.5,4.5,32,32,8.35445,80.44015999999999,11.069982802684489
2020-01-09 16:19:43,NA-7111,Thursday,Normal,4.0,4.5,4.5,32,32,8.354460000000001,80.44026,11.01459625159379
2020-01-09 16:19:44,NA-7111,Thursday,Normal,4.0,4.5,4.5,32,32,8.354460000000001,80.44036,11.06998252505275
2020-01-09 16:19:45,NA-7111,Thursday,Normal,4.0,4.5,4.5,32,32,8.35447,80.44046,12.116055566979979
2020-01-09 16:19:46,NA-7111,Thursday,Normal,4.0,4.5,4.5,32,32,8.35447,80.44057,11.014595971128323
2020-01-09 16:19:47,NA-7111,Thursday,Normal,4.0,4.5,4.5,32,32,8.35447,80.44067,11.014595971128323
2020-01-09 16:19:48,NA-7111,Thursday,Normal,4.0,4.5,4.5,32,32,8.35447,80.44077,9.974640637356062
2020-01-09 16:19:49,NA-7111,Thursday,Normal,4.0,4.5,4.5,32,32,8.35448,80.44086,11.014595690662514
2020-01-09 16:19:50,NA-7111,Thursday,Normal,4.0,4.5,4.5,32,32,8.35448,80.44096,11.014595689261213
2020-01-09 16:19:51,NA-7111,Thursday,Normal,4.0,4.5,4.5,32,32,8.35448,80.44106,11.069981967070213
2020-01-09 16:19:52,NA-7111,Thursday,Normal,4.0,4.5,4.5,32,32,8.35449,80.44116,9.913135869036614
2020-01-09 16:19:53,NA-7111,Thursday,Normal,4.0,4.5,4.5,32,32,8.35449,80.44125,9.974640135729487
2020-01-09 16:19:54,NA-7111,Thursday,Normal,4.0,4.5,4.5,32,32,8.3545,80.44134,9.97463988629863
2020-01-09 16:19:55,NA-7111,Thursday,Normal,4.0,4.5,4.5,32,32,8.354510000000001,80.44143000000001,7.7102163940637904
2020-01-09 16:19:56,NA-7111,Thursday,Normal,4.0,4.5,4.5,32,32,8.354510000000001,80.4415,7.789134797412378
2020-01-09 16:19:57,NA-7111,Thursday,Normal,4.0,4.5,4.5,32,32,8.354519999999999,80.44157,8.811675654756515
2020-01-09 16:19:58,NA-7111,Thursday,Normal,4.0,4.5,4.5,32,32,8.354519999999999,80.44165,7.789134604613065
2020-01-09 16:19:59,NA-7111,Thursday,Normal,4.0,4.5,4.5,32,32,8.35453,80.44171999999999,7.710216002810864
2020-01-09 16:20:00,NA-7111,Thursday,Normal,4.0,4.5,4.5,32,32,8.35453,80.44179,7.710216001409564
2020-01-09 16:20:01,NA-7111,Thursday,Normal,4.0,4.5,4.5,32,32,8.35453,80.44185999999999,9.97463913390455
2020-01-09 16:20:02,NA-7111,Thursday,Normal,4.0,4.5,4.5,32,32,8.35454,80.44195,8.811675206008294
2020-01-09 16:20:03,NA-7111,Thursday,Normal,4.0,4.5,4.5,32,32,8.35454,80.44203,8.811675206008294
2020-01-09 16:20:04,NA-7111,Thursday,Normal,4.0,4.5,4.5,32,32,8.35454,80.44211,8.880810972119944
2020-01-09 16:20:05,NA-7111,Thursday,Normal,4.0,4.5,4.5,32,32,8.35455,80.44219,7.78913402318899
2020-01-09 16:20:06,NA-7111,Thursday,Normal,4.0,4.5,4.5,32,32,8.354560000000001,80.44226,8.880810528344197
2020-01-09 16:20:07,NA-7111,Thursday,Normal,4.0,4.5,4.5,32,32,8.354569999999999,80.44234,7.710215216098303
2020-01-09 16:20:08,NA-7111,Thursday,Normal,4.0,4.5,4.5,32,32,8.354569999999999,80.44241,7.789133634638703
2020-01-09 16:20:09,NA-7111,Thursday,Normal,4.0,4.5,4.5,32,32,8.35458,80.44248,8.880810083242919
2020-01-09 16:20:10,NA-7111,Thursday,Normal,4.0,4.5,4.5,32,32,8.35459,80.44256,9.913133344824855
2020-01-09 16:20:11,NA-7111,Thursday,Normal,4.0,4.5,4.5,32,32,8.35459,80.44265,7.789133244750492
2020-01-09 16:20:12,NA-7111,Thursday,Normal,4.0,4.5,4.5,32,32,8.3546,80.44272,8.880809639530977
2020-01-09 16:20:13,NA-7111,Thursday,Normal,4.0,4.5,4.5,32,32,8.354610000000001,80.4428,7.71021442938201
2020-01-09 16:20:14,NA-7111,Thursday,Normal,4.0,4.5,4.5,32,32,8.354610000000001,80.44287,8.880809415578033
2020-01-09 16:20:15,NA-7111,Thursday,Normal,4.0,4.5,4.5,32,32,8.354619999999999,80.44295,8.811673412406028
2020-01-09 16:20:16,NA-7111,Thursday,Normal,4.0,4.5,4.5,32,32,8.354619999999999,80.44303000000001,8.880809193037194
2020-01-09 16:20:17,NA-7111,Thursday,Normal,4.0,4.5,4.5,32,32,8.35463,80.44311,9.974636624466596
2020-01-09 16:20:18,NA-7111,Thursday,Normal,4.0,4.5,4.5,32,32,8.35464,80.4432,9.974636373678035
2020-01-09 16:20:19,NA-7111,Thursday,Normal,4.0,4.5,4.5,32,32,8.35465,80.44329,9.913131830283394
2020-01-09 16:20:20,NA-7111,Thursday,Normal,4.0,4.5,4.5,32,32,8.35465,80.44338,8.880808525369135
2020-01-09 16:20:21,NA-7111,Thursday,Normal,4.0,4.5,4.5,32,32,8.35466,80.44346,7.710213450535616
2020-01-09 16:20:22,NA-7111,Thursday,Normal,4.0,4.5,4.5,32,32,8.35466,80.44353000000001,6.608754384772086
2020-01-09 16:20:23,NA-7111,Thursday,Normal,4.0,4.5,4.5,32,32,8.35466,80.44359,5.507236179691018
2020-01-09 16:20:24,NA-7111,Thursday,Normal,4.0,4.5,4.5,32,32,8.35466,80.44364,3.3043417086553837
2020-01-09 16:20:25,NA-7111,Thursday,Normal,4.0,4.5,4.5,32,32,8.35466,80.44367,2.464940067348946
2020-01-09 16:20:26,NA-7111,Thursday,Normal,4.0,4.5,4.5,32,32,8.35467,80.44369,1.1014472081727533
2020-01-09 16:20:27,NA-7111,Thursday,Normal,4.0,4.5,4.5,32,32,8.35467,80.44368,4.92988018479235
2020-01-09 16:20:28,NA-7111,Thursday,Normal,4.0,4.5,4.5,32,32,8.35465,80.44364,2.2028945285282724
2020-01-09 16:20:29,NA-7111,Thursday,Normal,4.0,4.5,4.5,32,32,8.35465,80.44362,1.1014472642641362
2020-01-09 16:20:31,NA-7111,Thursday,Normal,4.0,4.5,4.5,32,32,8.35465,80.44360999999999,2.2028945285282724
2020-01-09 16:20:35,NA-7111,Thursday,Normal,4.0,4.5,4.5,32,32,8.35465,80.44363,2.2028945285282724
2020-01-09 16:20:36,NA-7111,Thursday,Normal,4.0,4.5,4.5,32,32,8.35465,80.44365,4.542484266350048
2020-01-09 16:20:37,NA-7111,Thursday,Normal,4.0,4.5,4.5,32,32,8.35464,80.44369,3.3043418755280483
2020-01-09 16:20:38,NA-7111,Thursday,Normal,4.0,4.5,4.5,32,32,8.35464,80.44372,4.40578916923911
2020-01-09 16:20:39,NA-7111,Thursday,Normal,4.0,4.5,4.5,32,32,8.35464,80.44376,6.608754721338058
2020-01-09 16:20:40,NA-7111,Thursday,Normal,4.0,4.5,4.5,32,32,8.35464,80.44382,6.608754722739357
2020-01-09 16:20:41,NA-7111,Thursday,Normal,4.0,4.5,4.5,32,32,8.35464,80.44388000000001,8.880808747910768
2020-01-09 16:20:42,NA-7111,Thursday,Normal,4.0,4.5,4.5,32,32,8.35465,80.44396,5.617191312438082
2020-01-09 16:20:43,NA-7111,Thursday,Normal,4.0,4.5,4.5,32,32,8.35464,80.44400999999999,8.81167296365247
2020-01-09 16:20:44,NA-7111,Thursday,Normal,4.0,4.5,4.5,32,32,8.35464,80.44409,6.608754721338058
2020-01-09 16:20:45,NA-7111,Thursday,Normal,4.0,4.5,4.5,32,32,8.35464,80.44415,7.710213843195914
2020-01-09 16:20:46,NA-7111,Thursday,Normal,4.0,4.5,4.5,32,32,8.35464,80.44422,8.811672962251173
2020-01-09 16:20:47,NA-7111,Thursday,Normal,4.0,4.5,4.5,32,32,8.35464,80.4443,9.974636373678035
2020-01-09 16:20:48,NA-7111,Thursday,Normal,4.0,4.5,4.5,32,32,8.35465,80.44439,11.234498183043453
2020-01-09 16:20:49,NA-7111,Thursday,Normal,4.0,4.5,4.5,32,32,8.35467,80.44449,9.974635621232304
2020-01-09 16:20:50,NA-7111,Thursday,Normal,4.0,4.5,4.5,32,32,8.35468,80.44458,11.069976385425049
2020-01-09 16:20:51,NA-7111,Thursday,Normal,4.0,4.5,4.5,32,32,8.35469,80.44468,12.316305169035564
2020-01-09 16:20:52,NA-7111,Thursday,Normal,4.0,4.5,4.5,32,32,8.35471,80.44479,11.01458923985695
2020-01-09 16:20:53,NA-7111,Thursday,Normal,4.0,4.5,4.5,32,32,8.35471,80.44489,12.11604816258147
2020-01-09 16:20:54,NA-7111,Thursday,Normal,4.0,4.5,4.5,32,32,8.35471,80.445,13.263697627254102
2020-01-09 16:20:55,NA-7111,Thursday,Normal,4.0,4.5,4.5,32,32,8.35472,80.44511999999999,12.116047858264187
2020-01-09 16:20:56,NA-7111,Thursday,Normal,4.0,4.5,4.5,32,32,8.35472,80.44523000000001,13.263697291902153
2020-01-09 16:20:57,NA-7111,Thursday,Normal,4.0,4.5,4.5,32,32,8.35473,80.44535,13.401313717083749
2020-01-09 16:20:58,NA-7111,Thursday,Normal,4.0,4.5,4.5,32,32,8.35475,80.44547,13.263696287240332
2020-01-09 16:20:59,NA-7111,Thursday,Normal,4.0,4.5,4.5,32,32,8.35476,80.44559,14.488804900014316
2020-01-09 16:21:00,NA-7111,Thursday,Normal,4.0,4.5,4.5,32,32,8.35478,80.44572,14.361611851153354
2020-01-09 16:21:01,NA-7111,Thursday,Normal,4.0,4.5,4.5,32,32,8.35479,80.44585,13.263694944442054
2020-01-09 16:21:02,NA-7111,Thursday,Normal,4.0,4.5,4.5,32,32,8.3548,80.44596999999999,14.361611125546176
2020-01-09 16:21:03,NA-7111,Thursday,Normal,4.0,4.5,4.5,32,32,8.35481,80.4461,13.263694273716663
2020-01-09 16:21:04,NA-7111,Thursday,Normal,4.0,4.5,4.5,32,32,8.35482,80.44622,13.263693939786572
2020-01-09 16:21:05,NA-7111,Thursday,Normal,4.0,4.5,4.5,32,32,8.35483,80.44634,12.166417520526828
2020-01-09 16:21:06,NA-7111,Thursday,Normal,4.0,4.5,4.5,32,32,8.35484,80.44645,13.21750271128466
2020-01-09 16:21:07,NA-7111,Thursday,Normal,4.0,4.5,4.5,32,32,8.35484,80.44657,12.166417213359328
2020-01-09 16:21:08,NA-7111,Thursday,Normal,4.0,4.5,4.5,32,32,8.35485,80.44668,12.116043846054037
2020-01-09 16:21:09,NA-7111,Thursday,Normal,4.0,4.5,4.5,32,32,8.35485,80.44679000000001,12.11604384325144
2020-01-09 16:21:10,NA-7111,Thursday,Normal,4.0,4.5,4.5,32,32,8.35485,80.4469,14.318960906170332
2020-01-09 16:21:11,NA-7111,Thursday,Normal,4.0,4.5,4.5,32,32,8.35485,80.44703,13.217502376112186
2020-01-09 16:21:12,NA-7111,Thursday,Normal,4.0,4.5,4.5,32,32,8.35485,80.44715,12.116043844652738
2020-01-09 16:21:13,NA-7111,Thursday,Normal,4.0,4.5,4.5,32,32,8.35485,80.44726,14.318960907571634
2020-01-09 16:21:14,NA-7111,Thursday,Normal,4.0,4.5,4.5,32,32,8.35485,80.44739,14.361609305281103
2020-01-09 16:21:15,NA-7111,Thursday,Normal,4.0,4.5,4.5,32,32,8.35486,80.44752,13.263692598344125
2020-01-09 16:21:16,NA-7111,Thursday,Normal,4.0,4.5,4.5,32,32,8.35487,80.44764,13.263692263000909
2020-01-09 16:21:17,NA-7111,Thursday,Normal,4.0,4.5,4.5,32,32,8.35488,80.44776,12.316299404870918
2020-01-09 16:21:18,NA-7111,Thursday,Normal,4.0,4.5,4.5,32,32,8.3549,80.44787,12.166415370122104
2020-01-09 16:21:19,NA-7111,Thursday,Normal,4.0,4.5,4.5,32,32,8.35491,80.44798,8.88080273866637
2020-01-09 16:21:20,NA-7111,Thursday,Normal,4.0,4.5,4.5,32,32,8.35492,80.44806,8.811666680990598
2020-01-09 16:21:21,NA-7111,Thursday,Normal,4.0,4.5,4.5,32,32,8.35492,80.44814000000001,8.02122510773167
2020-01-09 16:21:22,NA-7111,Thursday,Normal,4.0,4.5,4.5,32,32,8.35494,80.44821,8.021224732272861
2020-01-09 16:21:23,NA-7111,Thursday,Normal,4.0,4.5,4.5,32,32,8.35496,80.44828000000001,6.429484616764268
2020-01-09 16:21:24,NA-7111,Thursday,Normal,4.0,4.5,4.5,32,32,8.354989999999999,80.44833,2.211954469886161
2020-01-09 16:21:25,NA-7111,Thursday,Normal,4.0,4.5,4.5,32,32,8.35501,80.44833,2.464938321515116
2020-01-09 16:21:26,NA-7111,Thursday,Normal,4.0,4.5,4.5,32,32,8.35502,80.44830999999999,2.4649382704531515
2020-01-09 16:21:27,NA-7111,Thursday,Normal,4.0,4.5,4.5,32,32,8.355030000000001,80.44829,3.484514237239753
2020-01-09 16:21:28,NA-7111,Thursday,Normal,4.0,4.5,4.5,32,32,8.35502,80.44826,2.4710172876374807
2020-01-09 16:21:31,NA-7111,Thursday,Normal,4.0,4.5,4.5,32,32,8.355,80.44825,1.1014462840469597
2020-01-09 16:21:34,NA-7111,Thursday,Normal,4.0,4.5,4.5,32,32,8.355,80.44826,1.5608874352181787
2020-01-09 16:21:35,NA-7111,Thursday,Normal,4.0,4.5,4.5,32,32,8.354989999999999,80.44827,1.5608874563553954
2020-01-09 16:21:36,NA-7111,Thursday,Normal,4.0,4.5,4.5,32,32,8.35498,80.44828000000001,2.471017332379488
2020-01-09 16:21:37,NA-7111,Thursday,Normal,4.0,4.5,4.5,32,32,8.35496,80.44829,2.464938619533464
2020-01-09 16:21:38,NA-7111,Thursday,Normal,4.0,4.5,4.5,32,32,8.35495,80.44830999999999,3.48451487695831
2020-01-09 16:21:39,NA-7111,Thursday,Normal,4.0,4.5,4.5,32,32,8.35494,80.44834,4.542481113433587
2020-01-09 16:21:40,NA-7111,Thursday,Normal,4.0,4.5,4.5,32,32,8.35493,80.44838,4.405785914489257
2020-01-09 16:21:41,NA-7111,Thursday,Normal,4.0,4.5,4.5,32,32,8.35493,80.44842,6.700653791043498
2020-01-09 16:21:42,NA-7111,Thursday,Normal,4.0,4.5,4.5,32,32,8.35492,80.44848,7.710208344465478
2020-01-09 16:21:43,NA-7111,Thursday,Normal,4.0,4.5,4.5,32,32,8.35492,80.44855,7.710208344465478
2020-01-09 16:21:44,NA-7111,Thursday,Normal,4.0,4.5,4.5,32,32,8.35492,80.44861999999999,8.811666680990598
2020-01-09 16:21:45,NA-7111,Thursday,Normal,4.0,4.5,4.5,32,32,8.35492,80.4487,8.880802516095617
2020-01-09 16:21:46,NA-7111,Thursday,Normal,4.0,4.5,4.5,32,32,8.35493,80.44878,12.166414448514601
2020-01-09 16:21:47,NA-7111,Thursday,Normal,4.0,4.5,4.5,32,32,8.35494,80.44889,11.069969131006317
2020-01-09 16:21:48,NA-7111,Thursday,Normal,4.0,4.5,4.5,32,32,8.35495,80.44899000000001,9.91312425741403
2020-01-09 16:21:49,NA-7111,Thursday,Normal,4.0,4.5,4.5,32,32,8.35495,80.44908000000001,11.069968850516865
2020-01-09 16:21:50,NA-7111,Thursday,Normal,4.0,4.5,4.5,32,32,8.35496,80.44918,11.014582227911696
2020-01-09 16:21:51,NA-7111,Thursday,Normal,4.0,4.5,4.5,32,32,8.35496,80.44928,11.069968574333343
2020-01-09 16:21:52,NA-7111,Thursday,Normal,4.0,4.5,4.5,32,32,8.35497,80.44938,12.166413218287943
2020-01-09 16:21:53,NA-7111,Thursday,Normal,4.0,4.5,4.5,32,32,8.35498,80.44949,13.263688572655662
2020-01-09 16:21:54,NA-7111,Thursday,Normal,4.0,4.5,4.5,32,32,8.354989999999999,80.44960999999999,13.217497665438653
2020-01-09 16:21:55,NA-7111,Thursday,Normal,4.0,4.5,4.5,32,32,8.354989999999999,80.44973,13.217497662636054
2020-01-09 16:21:56,NA-7111,Thursday,Normal,4.0,4.5,4.5,32,32,8.354989999999999,80.44985,16.55884765718406
2020-01-09 16:21:57,NA-7111,Thursday,Normal,4.0,4.5,4.5,32,32,8.355,80.45,15.420413547532744
2020-01-09 16:21:58,NA-7111,Thursday,Normal,4.0,4.5,4.5,32,32,8.355,80.45014,15.42041354893404
2020-01-09 16:21:59,NA-7111,Thursday,Normal,4.0,4.5,4.5,32,32,8.355,80.45028,17.657999033967577
2020-01-09 16:22:00,NA-7111,Thursday,Normal,4.0,4.5,4.5,32,32,8.35501,80.45044,15.420413154855868
2020-01-09 16:22:01,NA-7111,Thursday,Normal,4.0,4.5,4.5,32,32,8.35501,80.45058,16.52187123894704
2020-01-09 16:22:02,NA-7111,Thursday,Normal,4.0,4.5,4.5,32,32,8.35501,80.45073000000001,16.55884723603763
2020-01-09 16:22:03,NA-7111,Thursday,Normal,4.0,4.5,4.5,32,32,8.355,80.45088,15.46002411629341
2020-01-09 16:22:04,NA-7111,Thursday,Normal,4.0,4.5,4.5,32,32,8.354989999999999,80.45102,14.361604581176588
2020-01-09 16:22:05,NA-7111,Thursday,Normal,4.0,4.5,4.5,32,32,8.35498,80.45115,14.318956168852853
2020-01-09 16:22:06,NA-7111,Thursday,Normal,4.0,4.5,4.5,32,32,8.35498,80.45128000000001,12.166413218282266
2020-01-09 16:22:07,NA-7111,Thursday,Normal,4.0,4.5,4.5,32,32,8.35497,80.45139,13.217498335794405
2020-01-09 16:22:08,NA-7111,Thursday,Normal,4.0,4.5,4.5,32,32,8.35497,80.45151,12.166413218287943
2020-01-09 16:22:09,NA-7111,Thursday,Normal,4.0,4.5,4.5,32,32,8.35498,80.45161999999999,11.069968293880462
2020-01-09 16:22:10,NA-7111,Thursday,Normal,4.0,4.5,4.5,32,32,8.35497,80.45172,8.811665559064686
2020-01-09 16:22:11,NA-7111,Thursday,Normal,4.0,4.5,4.5,32,32,8.35497,80.4518,8.880801403193935
2020-01-09 16:22:12,NA-7111,Thursday,Normal,4.0,4.5,4.5,32,32,8.35498,80.45188,5.507231693696294
2020-01-09 16:22:13,NA-7111,Thursday,Normal,4.0,4.5,4.5,32,32,8.35498,80.45193,3.3043390148164953
2020-01-09 16:22:14,NA-7111,Thursday,Normal,4.0,4.5,4.5,32,32,8.35498,80.45196,1.5608874543392564
2020-01-09 16:22:15,NA-7111,Thursday,Normal,4.0,4.5,4.5,32,32,8.354989999999999,80.45196999999999,1.5608874351796596
2020-01-09 16:22:16,NA-7111,Thursday,Normal,4.0,4.5,4.5,32,32,8.355,80.45196,1.1014462826456757
2020-01-09 16:22:17,NA-7111,Thursday,Normal,4.0,4.5,4.5,32,32,8.355,80.45195,1.560887415769993
2020-01-09 16:22:18,NA-7111,Thursday,Normal,4.0,4.5,4.5,32,32,8.35501,80.45194000000001,1.1059772355746593
2020-01-09 16:22:19,NA-7111,Thursday,Normal,4.0,4.5,4.5,32,32,8.35502,80.45194000000001,2.4710172863882476
2020-01-09 16:22:21,NA-7111,Thursday,Normal,4.0,4.5,4.5,32,32,8.355,80.45195,2.4649384202961655
2020-01-09 16:22:22,NA-7111,Thursday,Normal,4.0,4.5,4.5,32,32,8.354989999999999,80.45196999999999,4.54248057279703
2020-01-09 16:22:23,NA-7111,Thursday,Normal,4.0,4.5,4.5,32,32,8.35498,80.45201,5.617186780312242
2020-01-09 16:22:24,NA-7111,Thursday,Normal,4.0,4.5,4.5,32,32,8.35497,80.45206,4.405785467144004
2020-01-09 16:22:25,NA-7111,Thursday,Normal,4.0,4.5,4.5,32,32,8.35497,80.4521,5.61718691779891
2020-01-09 16:22:26,NA-7111,Thursday,Normal,4.0,4.5,4.5,32,32,8.35496,80.45215,7.710207559117807
2020-01-09 16:22:27,NA-7111,Thursday,Normal,4.0,4.5,4.5,32,32,8.35496,80.45222,7.78912625251446
2020-01-09 16:22:28,NA-7111,Thursday,Normal,4.0,4.5,4.5,32,32,8.35495,80.45229,6.969097128407127
2020-01-09 16:22:29,NA-7111,Thursday,Normal,4.0,4.5,4.5,32,32,8.35493,80.45235,8.811666456605954
2020-01-09 16:22:30,NA-7111,Thursday,Normal,4.0,4.5,4.5,32,32,8.35493,80.45243,8.880802516092388
2020-01-09 16:22:31,NA-7111,Thursday,Normal,4.0,4.5,4.5,32,32,8.35492,80.45251,8.880802738662881
2020-01-09 16:22:32,NA-7111,Thursday,Normal,4.0,4.5,4.5,32,32,8.35491,80.45259,8.811666902572385
2020-01-09 16:22:33,NA-7111,Thursday,Normal,4.0,4.5,4.5,32,32,8.35491,80.45267,9.913125267145551
2020-01-09 16:22:34,NA-7111,Thursday,Normal,4.0,4.5,4.5,32,32,8.35491,80.45276,11.014583631718716
2020-01-09 16:22:35,NA-7111,Thursday,Normal,4.0,4.5,4.5,32,32,8.35491,80.45286,13.263690921579913
2020-01-09 16:22:36,NA-7111,Thursday,Normal,4.0,4.5,4.5,32,32,8.35492,80.45298000000001,13.217500018683271
2020-01-09 16:22:37,NA-7111,Thursday,Normal,4.0,4.5,4.5,32,32,8.35492,80.4531,12.116041684960758
2020-01-09 16:22:38,NA-7111,Thursday,Normal,4.0,4.5,4.5,32,32,8.35492,80.45321,9.97462960182637
2020-01-09 16:22:39,NA-7111,Thursday,Normal,4.0,4.5,4.5,32,32,8.35491,80.4533,12.116041992087986
2020-01-09 16:22:40,NA-7111,Thursday,Normal,4.0,4.5,4.5,32,32,8.35491,80.45340999999999,11.014583630317416
2020-01-09 16:22:41,NA-7111,Thursday,Normal,4.0,4.5,4.5,32,32,8.35491,80.45351,9.974629852622694
2020-01-09 16:22:42,NA-7111,Thursday,Normal,4.0,4.5,4.5,32,32,8.3549,80.4536,9.913125520978982
2020-01-09 16:22:43,NA-7111,Thursday,Normal,4.0,4.5,4.5,32,32,8.3549,80.45369000000001,8.811667126956502
2020-01-09 16:22:44,NA-7111,Thursday,Normal,4.0,4.5,4.5,32,32,8.3549,80.45376999999999,8.811667129759098
2020-01-09 16:22:45,NA-7111,Thursday,Normal,4.0,4.5,4.5,32,32,8.3549,80.45385,9.974629852601238
2020-01-09 16:22:46,NA-7111,Thursday,Normal,4.0,4.5,4.5,32,32,8.35491,80.45394,8.811666903973686
2020-01-09 16:22:47,NA-7111,Thursday,Normal,4.0,4.5,4.5,32,32,8.35491,80.45402,9.974629852622694
2020-01-09 16:22:48,NA-7111,Thursday,Normal,4.0,4.5,4.5,32,32,8.3549,80.45411,9.913125519577681
2020-01-09 16:22:49,NA-7111,Thursday,Normal,4.0,4.5,4.5,32,32,8.3549,80.4542,9.974630103477406
2020-01-09 16:22:50,NA-7111,Thursday,Normal,4.0,4.5,4.5,32,32,8.35489,80.45429,12.166415677355948
2020-01-09 16:22:51,NA-7111,Thursday,Normal,4.0,4.5,4.5,32,32,8.3549,80.4544,12.116042302017444
2020-01-09 16:22:52,NA-7111,Thursday,Normal,4.0,4.5,4.5,32,32,8.3549,80.45451,11.069970526123983
2020-01-09 16:22:53,NA-7111,Thursday,Normal,4.0,4.5,4.5,32,32,8.35489,80.45461,11.06997052471268
2020-01-09 16:22:54,NA-7111,Thursday,Normal,4.0,4.5,4.5,32,32,8.3549,80.45470999999999,11.014583910797564
2020-01-09 16:22:55,NA-7111,Thursday,Normal,4.0,4.5,4.5,32,32,8.3549,80.45481,11.014583910797564
2020-01-09 16:22:56,NA-7111,Thursday,Normal,4.0,4.5,4.5,32,32,8.3549,80.45491,11.014583910797564
2020-01-09 16:22:57,NA-7111,Thursday,Normal,4.0,4.5,4.5,32,32,8.3549,80.45501,11.069970526123983
2020-01-09 16:22:58,NA-7111,Thursday,Normal,4.0,4.5,4.5,32,32,8.35489,80.45510999999999,13.217501029813091
2020-01-09 16:22:59,NA-7111,Thursday,Normal,4.0,4.5,4.5,32,32,8.35489,80.45523,12.166415677355948
2020-01-09 16:23:00,NA-7111,Thursday,Normal,4.0,4.5,4.5,32,32,8.3549,80.45534,11.014583909396263
2020-01-09 16:23:01,NA-7111,Thursday,Normal,4.0,4.5,4.5,32,32,8.3549,80.45544,14.361607489183058
2020-01-09 16:23:02,NA-7111,Thursday,Normal,4.0,4.5,4.5,32,32,8.35491,80.45557,13.263690921579913
2020-01-09 16:23:03,NA-7111,Thursday,Normal,4.0,4.5,4.5,32,32,8.35492,80.45569,12.116041684960758
2020-01-09 16:23:04,NA-7111,Thursday,Normal,4.0,4.5,4.5,32,32,8.35492,80.4558,9.91312501471312
2020-01-09 16:23:05,NA-7111,Thursday,Normal,4.0,4.5,4.5,32,32,8.35492,80.45589,11.014583349836938
2020-01-09 16:23:06,NA-7111,Thursday,Normal,4.0,4.5,4.5,32,32,8.35492,80.45599,9.974629350988153
2020-01-09 16:23:07,NA-7111,Thursday,Normal,4.0,4.5,4.5,32,32,8.35493,80.45608,6.608749842454469
2020-01-09 16:23:08,NA-7111,Thursday,Normal,4.0,4.5,4.5,32,32,8.35493,80.45614,5.617187329887082
2020-01-09 16:23:09,NA-7111,Thursday,Normal,4.0,4.5,4.5,32,32,8.35494,80.45619,1.5608875513004845
2020-01-09 16:23:10,NA-7111,Thursday,Normal,4.0,4.5,4.5,32,32,8.35493,80.4562,3.3043394383191913
2020-01-09 16:23:14,NA-7111,Thursday,Normal,4.0,4.5,4.5,32,32,8.35493,80.45623,4.405785913087971
2020-01-09 16:23:15,NA-7111,Thursday,Normal,4.0,4.5,4.5,32,32,8.35493,80.45626999999999,6.608749843855769
2020-01-09 16:23:16,NA-7111,Thursday,Normal,4.0,4.5,4.5,32,32,8.35493,80.45633000000001,7.710208148128914
2020-01-09 16:23:17,NA-7111,Thursday,Normal,4.0,4.5,4.5,32,32,8.35493,80.4564,7.710208146727614
2020-01-09 16:23:18,NA-7111,Thursday,Normal,4.0,4.5,4.5,32,32,8.35493,80.45647,8.880802516092388
2020-01-09 16:23:19,NA-7111,Thursday,Normal,4.0,4.5,4.5,32,32,8.35492,80.45655,7.789127029648313
2020-01-09 16:23:20,NA-7111,Thursday,Normal,4.0,4.5,4.5,32,32,8.35491,80.45662,8.880802961211138
2020-01-09 16:23:21,NA-7111,Thursday,Normal,4.0,4.5,4.5,32,32,8.3549,80.4567,8.811667129759098
2020-01-09 16:23:22,NA-7111,Thursday,Normal,4.0,4.5,4.5,32,32,8.3549,80.45678000000001,9.974630102084749
2020-01-09 16:23:23,NA-7111,Thursday,Normal,4.0,4.5,4.5,32,32,8.35489,80.45687,8.880803407741189
2020-01-09 16:23:24,NA-7111,Thursday,Normal,4.0,4.5,4.5,32,32,8.35488,80.45695,11.06997108273878
2020-01-09 16:23:25,NA-7111,Thursday,Normal,4.0,4.5,4.5,32,32,8.35487,80.45705,11.06997136313711
2020-01-09 16:23:26,NA-7111,Thursday,Normal,4.0,4.5,4.5,32,32,8.35486,80.45715,13.263692933723492
2020-01-09 16:23:27,NA-7111,Thursday,Normal,4.0,4.5,4.5,32,32,8.35485,80.45727,13.263693269109655
2020-01-09 16:23:28,NA-7111,Thursday,Normal,4.0,4.5,4.5,32,32,8.35484,80.45739,13.21750271128466
2020-01-09 16:23:29,NA-7111,Thursday,Normal,4.0,4.5,4.5,32,32,8.35484,80.45751,12.116044153178693
2020-01-09 16:23:30,NA-7111,Thursday,Normal,4.0,4.5,4.5,32,32,8.35484,80.45761999999999,15.420419830299176
2020-01-09 16:23:31,NA-7111,Thursday,Normal,4.0,4.5,4.5,32,32,8.35484,80.45776,13.217502714087257
2020-01-09 16:23:32,NA-7111,Thursday,Normal,4.0,4.5,4.5,32,32,8.35484,80.45788,14.31896127079192
2020-01-09 16:23:33,NA-7111,Thursday,Normal,4.0,4.5,4.5,32,32,8.35484,80.45801,13.217502714087257
2020-01-09 16:23:34,NA-7111,Thursday,Normal,4.0,4.5,4.5,32,32,8.35484,80.45813000000001,14.318961269390622
2020-01-09 16:23:35,NA-7111,Thursday,Normal,4.0,4.5,4.5,32,32,8.35484,80.45826,15.42041983170048
2020-01-09 16:23:36,NA-7111,Thursday,Normal,4.0,4.5,4.5,32,32,8.35484,80.4584,14.318961272193219
2020-01-09 16:23:37,NA-7111,Thursday,Normal,4.0,4.5,4.5,32,32,8.35484,80.45853000000001,14.361610032278117
2020-01-09 16:23:38,NA-7111,Thursday,Normal,4.0,4.5,4.5,32,32,8.35483,80.45866,15.420420222968112
2020-01-09 16:23:39,NA-7111,Thursday,Normal,4.0,4.5,4.5,32,32,8.35483,80.4588,15.420420224369416
2020-01-09 16:23:40,NA-7111,Thursday,Normal,4.0,4.5,4.5,32,32,8.35483,80.45894,15.420420222968112
2020-01-09 16:23:41,NA-7111,Thursday,Normal,4.0,4.5,4.5,32,32,8.35483,80.45908,14.318961636814372
2020-01-09 16:23:42,NA-7111,Thursday,Normal,4.0,4.5,4.5,32,32,8.35483,80.45921,13.263693939792521
2020-01-09 16:23:43,NA-7111,Thursday,Normal,4.0,4.5,4.5,32,32,8.35482,80.45933000000001,14.361610395773031
2020-01-09 16:23:44,NA-7111,Thursday,Normal,4.0,4.5,4.5,32,32,8.35483,80.45945999999999,13.217503049259332
2020-01-09 16:23:45,NA-7111,Thursday,Normal,4.0,4.5,4.5,32,32,8.35483,80.45958,9.974631857746374
2020-01-09 16:23:46,NA-7111,Thursday,Normal,4.0,4.5,4.5,32,32,8.35482,80.45966999999999,12.11604477303211
2020-01-09 16:23:47,NA-7111,Thursday,Normal,4.0,4.5,4.5,32,32,8.35482,80.45978000000001,8.880804738988484
2020-01-09 16:23:48,NA-7111,Thursday,Normal,4.0,4.5,4.5,32,32,8.35483,80.45985999999999,7.710210112885387
2020-01-09 16:23:49,NA-7111,Thursday,Normal,4.0,4.5,4.5,32,32,8.35483,80.45993,6.70065528399573
2020-01-09 16:23:50,NA-7111,Thursday,Normal,4.0,4.5,4.5,32,32,8.35484,80.45999,6.608751355642348
2020-01-09 16:23:51,NA-7111,Thursday,Normal,4.0,4.5,4.5,32,32,8.35484,80.46005,5.507233655551771
2020-01-09 16:23:52,NA-7111,Thursday,Normal,4.0,4.5,4.5,32,32,8.35484,80.4601,4.405786925562446
2020-01-09 16:23:53,NA-7111,Thursday,Normal,4.0,4.5,4.5,32,32,8.35484,80.46014,2.4649391696951395
2020-01-09 16:23:54,NA-7111,Thursday,Normal,4.0,4.5,4.5,32,32,8.35485,80.46016,1.560887706537496
2020-01-09 16:23:58,NA-7111,Thursday,Normal,4.0,4.5,4.5,32,32,8.35486,80.46016999999999,3.304340025893885
2020-01-09 16:23:59,NA-7111,Thursday,Normal,4.0,4.5,4.5,32,32,8.35486,80.4602,4.405786701191844
2020-01-09 16:24:00,NA-7111,Thursday,Normal,4.0,4.5,4.5,32,32,8.35486,80.46024,3.484515590692913
2020-01-09 16:24:01,NA-7111,Thursday,Normal,4.0,4.5,4.5,32,32,8.35485,80.46027,5.507233516721514
2020-01-09 16:24:02,NA-7111,Thursday,Normal,4.0,4.5,4.5,32,32,8.35485,80.46032,4.542482091627314
2020-01-09 16:24:03,NA-7111,Thursday,Normal,4.0,4.5,4.5,32,32,8.35484,80.46036,4.40578692696373
2020-01-09 16:24:04,NA-7111,Thursday,Normal,4.0,4.5,4.5,32,32,8.35484,80.4604,7.710209913748322
2020-01-09 16:24:05,NA-7111,Thursday,Normal,4.0,4.5,4.5,32,32,8.35484,80.46047,7.71020991655092
2020-01-09 16:24:06,NA-7111,Thursday,Normal,4.0,4.5,4.5,32,32,8.35484,80.46054000000001,9.913127034164159
2020-01-09 16:24:07,NA-7111,Thursday,Normal,4.0,4.5,4.5,32,32,8.35484,80.46063000000001,7.71020991514962
2020-01-09 16:24:08,NA-7111,Thursday,Normal,4.0,4.5,4.5,32,32,8.35484,80.4607,8.811668474656893
2020-01-09 16:24:09,NA-7111,Thursday,Normal,4.0,4.5,4.5,32,32,8.35484,80.46078,7.71020991514962
2020-01-09 16:24:10,NA-7111,Thursday,Normal,4.0,4.5,4.5,32,32,8.35484,80.46085,8.811668476058193
2020-01-09 16:24:11,NA-7111,Thursday,Normal,4.0,4.5,4.5,32,32,8.35484,80.46093,9.913127032762857
2020-01-09 16:24:12,NA-7111,Thursday,Normal,4.0,4.5,4.5,32,32,8.35484,80.46101999999999,9.913127034164159
2020-01-09 16:24:13,NA-7111,Thursday,Normal,4.0,4.5,4.5,32,32,8.35484,80.46110999999999,9.913127035565456
2020-01-09 16:24:14,NA-7111,Thursday,Normal,4.0,4.5,4.5,32,32,8.35484,80.4612,12.116044151777396
2020-01-09 16:24:15,NA-7111,Thursday,Normal,4.0,4.5,4.5,32,32,8.35484,80.46131,12.116044151777396
2020-01-09 16:24:16,NA-7111,Thursday,Normal,4.0,4.5,4.5,32,32,8.35484,80.46141999999999,12.116044155981294
2020-01-09 16:24:17,NA-7111,Thursday,Normal,4.0,4.5,4.5,32,32,8.35484,80.46153000000001,12.116044151777396
2020-01-09 16:24:18,NA-7111,Thursday,Normal,4.0,4.5,4.5,32,32,8.35484,80.46164,12.116044151777396
2020-01-09 16:24:19,NA-7111,Thursday,Normal,4.0,4.5,4.5,32,32,8.35484,80.46175,13.217502712685958
2020-01-09 16:24:20,NA-7111,Thursday,Normal,4.0,4.5,4.5,32,32,8.35484,80.46186999999999,14.318961272193219
2020-01-09 16:24:21,NA-7111,Thursday,Normal,4.0,4.5,4.5,32,32,8.35484,80.462,13.217502712685958
2020-01-09 16:24:22,NA-7111,Thursday,Normal,4.0,4.5,4.5,32,32,8.35484,80.46212,13.217502712685958
2020-01-09 16:24:23,NA-7111,Thursday,Normal,4.0,4.5,4.5,32,32,8.35484,80.46224000000001,14.318961269390622
2020-01-09 16:24:24,NA-7111,Thursday,Normal,4.0,4.5,4.5,32,32,8.35484,80.46236999999999,13.217502714087257
2020-01-09 16:24:25,NA-7111,Thursday,Normal,4.0,4.5,4.5,32,32,8.35484,80.46249,15.460030382300856
2020-01-09 16:24:26,NA-7111,Thursday,Normal,4.0,4.5,4.5,32,32,8.35483,80.46263,14.318961636814372
2020-01-09 16:24:27,NA-7111,Thursday,Normal,4.0,4.5,4.5,32,32,8.35483,80.46276,13.263693938396099
2020-01-09 16:24:28,NA-7111,Thursday,Normal,4.0,4.5,4.5,32,32,8.35482,80.46288,15.420420617037886
2020-01-09 16:24:29,NA-7111,Thursday,Normal,4.0,4.5,4.5,32,32,8.35482,80.46302,14.318962000033794
2020-01-09 16:24:30,NA-7111,Thursday,Normal,4.0,4.5,4.5,32,32,8.35482,80.46315,15.460030775316897
2020-01-09 16:24:31,NA-7111,Thursday,Normal,4.0,4.5,4.5,32,32,8.35483,80.46329,14.318961636814372
2020-01-09 16:24:32,NA-7111,Thursday,Normal,4.0,4.5,4.5,32,32,8.35483,80.46342,14.361610032276158
2020-01-09 16:24:33,NA-7111,Thursday,Normal,4.0,4.5,4.5,32,32,8.35484,80.46355,14.31896127359452
2020-01-09 16:24:34,NA-7111,Thursday,Normal,4.0,4.5,4.5,32,32,8.35484,80.46368000000001,14.361609667408882
2020-01-09 16:24:35,NA-7111,Thursday,Normal,4.0,4.5,4.5,32,32,8.35485,80.46381,13.217502376112186
2020-01-09 16:24:36,NA-7111,Thursday,Normal,4.0,4.5,4.5,32,32,8.35485,80.46393,15.460029599044804
2020-01-09 16:24:37,NA-7111,Thursday,Normal,4.0,4.5,4.5,32,32,8.35486,80.46406999999999,13.263692598344125
2020-01-09 16:24:38,NA-7111,Thursday,Normal,4.0,4.5,4.5,32,32,8.35487,80.46419,11.014584753637294
2020-01-09 16:24:39,NA-7111,Thursday,Normal,4.0,4.5,4.5,32,32,8.35487,80.46429,11.014584752235994
2020-01-09 16:24:40,NA-7111,Thursday,Normal,4.0,4.5,4.5,32,32,8.35487,80.46439000000001,8.880803627534368
2020-01-09 16:24:41,NA-7111,Thursday,Normal,4.0,4.5,4.5,32,32,8.35488,80.46446999999999,5.507233094624603
2020-01-09 16:24:42,NA-7111,Thursday,Normal,4.0,4.5,4.5,32,32,8.35488,80.46452,1.560887667757029
2020-01-09 16:24:43,NA-7111,Thursday,Normal,4.0,4.5,4.5,32,32,8.35487,80.46451,2.202893294503173
2020-01-09 16:24:44,NA-7111,Thursday,Normal,4.0,4.5,4.5,32,32,8.35487,80.46449,2.464939069778758
2020-01-09 16:24:45,NA-7111,Thursday,Normal,4.0,4.5,4.5,32,32,8.35486,80.46446999999999,3.304340025893885
2020-01-09 16:24:46,NA-7111,Thursday,Normal,4.0,4.5,4.5,32,32,8.35486,80.46444,2.471017470825693
2020-01-09 16:24:48,NA-7111,Thursday,Normal,4.0,4.5,4.5,32,32,8.35484,80.46443000000001,2.2028934613799387
2020-01-09 16:24:49,NA-7111,Thursday,Normal,4.0,4.5,4.5,32,32,8.35484,80.46445,2.4649392195211877
2020-01-09 16:24:50,NA-7111,Thursday,Normal,4.0,4.5,4.5,32,32,8.35483,80.46446999999999,4.405787037747546
2020-01-09 16:24:51,NA-7111,Thursday,Normal,4.0,4.5,4.5,32,32,8.35483,80.46451,6.700655448535327
2020-01-09 16:24:52,NA-7111,Thursday,Normal,4.0,4.5,4.5,32,32,8.35482,80.46457,5.507233936014356
2020-01-09 16:24:53,NA-7111,Thursday,Normal,4.0,4.5,4.5,32,32,8.35482,80.46462,6.608751693616821
2020-01-09 16:24:54,NA-7111,Thursday,Normal,4.0,4.5,4.5,32,32,8.35482,80.46468,8.880804964287346
2020-01-09 16:24:55,NA-7111,Thursday,Normal,4.0,4.5,4.5,32,32,8.35481,80.46476,8.880805186876907
2020-01-09 16:24:56,NA-7111,Thursday,Normal,4.0,4.5,4.5,32,32,8.3548,80.46484,7.710210701887389
2020-01-09 16:24:57,NA-7111,Thursday,Normal,4.0,4.5,4.5,32,32,8.3548,80.46491,8.811669372184285
2020-01-09 16:24:58,NA-7111,Thursday,Normal,4.0,4.5,4.5,32,32,8.3548,80.46499,8.811669372184285
2020-01-09 16:24:59,NA-7111,Thursday,Normal,4.0,4.5,4.5,32,32,8.3548,80.46507,7.710210700486089
2020-01-09 16:25:00,NA-7111,Thursday,Normal,4.0,4.5,4.5,32,32,8.3548,80.46514,8.811669372184285
2020-01-09 16:25:01,NA-7111,Thursday,Normal,4.0,4.5,4.5,32,32,8.3548,80.46522,7.710210700486089
2020-01-09 16:25:02,NA-7111,Thursday,Normal,4.0,4.5,4.5,32,32,8.3548,80.46529,9.913128045283775
2020-01-09 16:25:03,NA-7111,Thursday,Normal,4.0,4.5,4.5,32,32,8.3548,80.46538000000001,9.913128042481176
2020-01-09 16:25:04,NA-7111,Thursday,Normal,4.0,4.5,4.5,32,32,8.3548,80.46547,11.06997303724609
2020-01-09 16:25:05,NA-7111,Thursday,Normal,4.0,4.5,4.5,32,32,8.35481,80.46557,11.069973035865898
2020-01-09 16:25:06,NA-7111,Thursday,Normal,4.0,4.5,4.5,32,32,8.3548,80.46566999999999,11.069973317673824
2020-01-09 16:25:07,NA-7111,Thursday,Normal,4.0,4.5,4.5,32,32,8.35479,80.46576999999999,11.014586996057146
2020-01-09 16:25:08,NA-7111,Thursday,Normal,4.0,4.5,4.5,32,32,8.35479,80.46587,12.116045695802988
2020-01-09 16:25:09,NA-7111,Thursday,Normal,4.0,4.5,4.5,32,32,8.35479,80.46598,14.318963095294652
2020-01-09 16:25:10,NA-7111,Thursday,Normal,4.0,4.5,4.5,32,32,8.35479,80.46611,14.318963093893357
2020-01-09 16:25:11,NA-7111,Thursday,Normal,4.0,4.5,4.5,32,32,8.35479,80.46624,13.263694944442054
2020-01-09 16:25:12,NA-7111,Thursday,Normal,4.0,4.5,4.5,32,32,8.3548,80.46636,14.361611125546176
2020-01-09 16:25:13,NA-7111,Thursday,Normal,4.0,4.5,4.5,32,32,8.35481,80.46649000000001,14.361610757845162
2020-01-09 16:25:14,NA-7111,Thursday,Normal,4.0,4.5,4.5,32,32,8.35482,80.46661999999999,13.217503387233604
2020-01-09 16:25:15,NA-7111,Thursday,Normal,4.0,4.5,4.5,32,32,8.35482,80.46674,15.460030773919183
2020-01-09 16:25:16,NA-7111,Thursday,Normal,4.0,4.5,4.5,32,32,8.35483,80.46688,12.116044461704288
2020-01-09 16:25:17,NA-7111,Thursday,Normal,4.0,4.5,4.5,32,32,8.35483,80.46699,12.116044461704288
2020-01-09 16:25:18,NA-7111,Thursday,Normal,4.0,4.5,4.5,32,32,8.35483,80.4671,9.415634964352313
2020-01-09 16:25:19,NA-7111,Thursday,Normal,4.0,4.5,4.5,32,32,8.3548,80.46718,9.97463261155818
2020-01-09 16:25:20,NA-7111,Thursday,Normal,4.0,4.5,4.5,32,32,8.35479,80.46727,7.710210898220925
2020-01-09 16:25:21,NA-7111,Thursday,Normal,4.0,4.5,4.5,32,32,8.35479,80.46734000000001,3.4845161466834416
2020-01-09 16:25:22,NA-7111,Thursday,Normal,4.0,4.5,4.5,32,32,8.35478,80.46736999999999,1.560887863577019
2020-01-09 16:25:23,NA-7111,Thursday,Normal,4.0,4.5,4.5,32,32,8.35477,80.46738,5.507234638569184
2020-01-09 16:25:24,NA-7111,Thursday,Normal,4.0,4.5,4.5,32,32,8.35477,80.46743000000001,3.9763565001086354
2020-01-09 16:25:25,NA-7111,Thursday,Normal,4.0,4.5,4.5,32,32,8.35475,80.46746,3.9763566387466645
2020-01-09 16:25:26,NA-7111,Thursday,Normal,4.0,4.5,4.5,32,32,8.35473,80.46749,4.405788160992498
2020-01-09 16:25:27,NA-7111,Thursday,Normal,4.0,4.5,4.5,32,32,8.35473,80.46753000000001,6.60875320678489
2020-01-09 16:25:28,NA-7111,Thursday,Normal,4.0,4.5,4.5,32,32,8.35473,80.46759,6.7006569414717445
2020-01-09 16:25:29,NA-7111,Thursday,Normal,4.0,4.5,4.5,32,32,8.35474,80.46765,4.542483179594968
2020-01-09 16:25:30,NA-7111,Thursday,Normal,4.0,4.5,4.5,32,32,8.35475,80.46769,4.405787933822261
2020-01-09 16:25:31,NA-7111,Thursday,Normal,4.0,4.5,4.5,32,32,8.35475,80.46773,3.484516388037769
2020-01-09 16:25:32,NA-7111,Thursday,Normal,4.0,4.5,4.5,32,32,8.35476,80.46776,1.5608879014063972
2020-01-09 16:25:33,NA-7111,Thursday,Normal,4.0,4.5,4.5,32,32,8.35475,80.46777,3.484516386708942
2020-01-09 16:25:34,NA-7111,Thursday,Normal,4.0,4.5,4.5,32,32,8.35476,80.4678,2.4649396172099554
2020-01-09 16:25:35,NA-7111,Thursday,Normal,4.0,4.5,4.5,32,32,8.35475,80.46781999999999,3.3043409528189454
2020-01-09 16:25:36,NA-7111,Thursday,Normal,4.0,4.5,4.5,32,32,8.35475,80.46785,6.7006567756144335
2020-01-09 16:25:37,NA-7111,Thursday,Normal,4.0,4.5,4.5,32,32,8.35474,80.46791,7.71021187988509
2020-01-09 16:25:38,NA-7111,Thursday,Normal,4.0,4.5,4.5,32,32,8.35474,80.46798000000001,7.789130525042232
2020-01-09 16:25:39,NA-7111,Thursday,Normal,4.0,4.5,4.5,32,32,8.35473,80.46805,7.7102120748159235
2020-01-09 16:25:40,NA-7111,Thursday,Normal,4.0,4.5,4.5,32,32,8.35473,80.46812,8.811670942846948
2020-01-09 16:25:41,NA-7111,Thursday,Normal,4.0,4.5,4.5,32,32,8.35473,80.4682,8.811670944248247
2020-01-09 16:25:42,NA-7111,Thursday,Normal,4.0,4.5,4.5,32,32,8.35473,80.46828000000001,9.97463411501839
2020-01-09 16:25:43,NA-7111,Thursday,Normal,4.0,4.5,4.5,32,32,8.35474,80.46837,9.913129558450947
2020-01-09 16:25:44,NA-7111,Thursday,Normal,4.0,4.5,4.5,32,32,8.35474,80.46846,11.01458839843452
2020-01-09 16:25:45,NA-7111,Thursday,Normal,4.0,4.5,4.5,32,32,8.35474,80.46856,11.01458839843452
2020-01-09 16:25:46,NA-7111,Thursday,Normal,4.0,4.5,4.5,32,32,8.35474,80.46866,12.1160472370168
2020-01-09 16:25:47,NA-7111,Thursday,Normal,4.0,4.5,4.5,32,32,8.35474,80.46876999999999,14.36161330651318
2020-01-09 16:25:48,NA-7111,Thursday,Normal,4.0,4.5,4.5,32,32,8.35475,80.4689,13.263696285843912
2020-01-09 16:25:49,NA-7111,Thursday,Normal,4.0,4.5,4.5,32,32,8.35476,80.46902,13.217505405261734
2020-01-09 16:25:50,NA-7111,Thursday,Normal,4.0,4.5,4.5,32,32,8.35476,80.46914,13.217505403860432
2020-01-09 16:25:51,NA-7111,Thursday,Normal,4.0,4.5,4.5,32,32,8.35476,80.46925999999999,12.116046621373155
2020-01-09 16:25:52,NA-7111,Thursday,Normal,4.0,4.5,4.5,32,32,8.35476,80.46937,12.16641997947624
2020-01-09 16:25:53,NA-7111,Thursday,Normal,4.0,4.5,4.5,32,32,8.35475,80.46948,12.11604692849451
2020-01-09 16:25:54,NA-7111,Thursday,Normal,4.0,4.5,4.5,32,32,8.35475,80.46959,14.3189645523667
2020-01-09 16:25:55,NA-7111,Thursday,Normal,4.0,4.5,4.5,32,32,8.35475,80.46972,15.420423365704082
2020-01-09 16:25:56,NA-7111,Thursday,Normal,4.0,4.5,4.5,32,32,8.35475,80.46986,15.420423364302783
2020-01-09 16:25:57,NA-7111,Thursday,Normal,4.0,4.5,4.5,32,32,8.35475,80.47,15.420423365704082
2020-01-09 16:25:58,NA-7111,Thursday,Normal,4.0,4.5,4.5,32,32,8.35475,80.47014,16.52188217764017
2020-01-09 16:25:59,NA-7111,Thursday,Normal,4.0,4.5,4.5,32,32,8.35475,80.47029,17.623340988174952
2020-01-09 16:26:00,NA-7111,Thursday,Normal,4.0,4.5,4.5,32,32,8.35475,80.47045,16.52188217623887
2020-01-09 16:26:01,NA-7111,Thursday,Normal,4.0,4.5,4.5,32,32,8.35475,80.4706,16.558858149309305
2020-01-09 16:26:02,NA-7111,Thursday,Normal,4.0,4.5,4.5,32,32,8.35474,80.47075,17.62334143833595
2020-01-09 16:26:03,NA-7111,Thursday,Normal,4.0,4.5,4.5,32,32,8.35474,80.47091,15.578261245738661
2020-01-09 16:26:04,NA-7111,Thursday,Normal,4.0,4.5,4.5,32,32,8.35472,80.47105,16.558859407106734
2020-01-09 16:26:05,NA-7111,Thursday,Normal,4.0,4.5,4.5,32,32,8.35471,80.4712,16.669295204955745
2020-01-09 16:26:06,NA-7111,Thursday,Normal,4.0,4.5,4.5,32,32,8.35469,80.47135,16.669296038576647
2020-01-09 16:26:07,NA-7111,Thursday,Normal,4.0,4.5,4.5,32,32,8.35467,80.4715,16.66929686955823
2020-01-09 16:26:08,NA-7111,Thursday,Normal,4.0,4.5,4.5,32,32,8.35465,80.47165,15.578264742459455
2020-01-09 16:26:09,NA-7111,Thursday,Normal,4.0,4.5,4.5,32,32,8.35463,80.47179,16.669298539685
2020-01-09 16:26:10,NA-7111,Thursday,Normal,4.0,4.5,4.5,32,32,8.354610000000001,80.47194,15.578266296592897
2020-01-09 16:26:11,NA-7111,Thursday,Normal,4.0,4.5,4.5,32,32,8.35459,80.47208,16.66930020561371
2020-01-09 16:26:12,NA-7111,Thursday,Normal,4.0,4.5,4.5,32,32,8.354569999999999,80.47223000000001,16.669301039269545
2020-01-09 16:26:13,NA-7111,Thursday,Normal,4.0,4.5,4.5,32,32,8.35455,80.47238,16.558866545326765
2020-01-09 16:26:14,NA-7111,Thursday,Normal,4.0,4.5,4.5,32,32,8.35454,80.47253,16.52189101109032
2020-01-09 16:26:15,NA-7111,Thursday,Normal,4.0,4.5,4.5,32,32,8.35454,80.47268000000001,16.558866543925983
2020-01-09 16:26:16,NA-7111,Thursday,Normal,4.0,4.5,4.5,32,32,8.35455,80.47283,15.420431217508737
2020-01-09 16:26:17,NA-7111,Thursday,Normal,4.0,4.5,4.5,32,32,8.35455,80.47296999999999,14.361620211395318
2020-01-09 16:26:18,NA-7111,Thursday,Normal,4.0,4.5,4.5,32,32,8.354560000000001,80.4731,14.48881210478158
2020-01-09 16:26:19,NA-7111,Thursday,Normal,4.0,4.5,4.5,32,32,8.35458,80.47323,15.578266682304772
2020-01-09 16:26:20,NA-7111,Thursday,Normal,4.0,4.5,4.5,32,32,8.3546,80.47336999999999,16.669298956468527
2020-01-09 16:26:21,NA-7111,Thursday,Normal,4.0,4.5,4.5,32,32,8.354619999999999,80.47352,14.698351485953227
2020-01-09 16:26:22,NA-7111,Thursday,Normal,4.0,4.5,4.5,32,32,8.35465,80.47365,14.488808861942971
2020-01-09 16:26:23,NA-7111,Thursday,Normal,4.0,4.5,4.5,32,32,8.35467,80.47378,15.349672422633002
2020-01-09 16:26:24,NA-7111,Thursday,Normal,4.0,4.5,4.5,32,32,8.35472,80.47391,14.986785048344746
2020-01-09 16:26:25,NA-7111,Thursday,Normal,4.0,4.5,4.5,32,32,8.35476,80.47404,14.98678365884753
2020-01-09 16:26:26,NA-7111,Thursday,Normal,4.0,4.5,4.5,32,32,8.3548,80.47417,16.0424543605342
2020-01-09 16:26:27,NA-7111,Thursday,Normal,4.0,4.5,4.5,32,32,8.35484,80.47431,16.381970522351427
2020-01-09 16:26:28,NA-7111,Thursday,Normal,4.0,4.5,4.5,32,32,8.35489,80.47445,15.773330013597109
2020-01-09 16:26:29,NA-7111,Thursday,Normal,4.0,4.5,4.5,32,32,8.35492,80.47459,16.042449839946855
2020-01-09 16:26:30,NA-7111,Thursday,Normal,4.0,4.5,4.5,32,32,8.35496,80.47473000000001,15.578251919547425
2020-01-09 16:26:31,NA-7111,Thursday,Normal,4.0,4.5,4.5,32,32,8.35498,80.47487,14.318956166050258
2020-01-09 16:26:32,NA-7111,Thursday,Normal,4.0,4.5,4.5,32,32,8.35498,80.475,14.318956168852853
2020-01-09 16:26:33,NA-7111,Thursday,Normal,4.0,4.5,4.5,32,32,8.35498,80.47513000000001,15.420414331483784
2020-01-09 16:26:34,NA-7111,Thursday,Normal,4.0,4.5,4.5,32,32,8.35498,80.47527,14.361604581195458
2020-01-09 16:26:35,NA-7111,Thursday,Normal,4.0,4.5,4.5,32,32,8.354989999999999,80.4754,13.26368823732237
2020-01-09 16:26:36,NA-7111,Thursday,Normal,4.0,4.5,4.5,32,32,8.355,80.47551999999999,13.401304761901509
2020-01-09 16:26:37,NA-7111,Thursday,Normal,4.0,4.5,4.5,32,32,8.35502,80.47564,13.401304095592671
2020-01-09 16:26:38,NA-7111,Thursday,Normal,4.0,4.5,4.5,32,32,8.355039999999999,80.47576,14.698336583016383
2020-01-09 16:26:39,NA-7111,Thursday,Normal,4.0,4.5,4.5,32,32,8.35507,80.47589,13.627576117050193
2020-01-09 16:26:40,NA-7111,Thursday,Normal,4.0,4.5,4.5,32,32,8.3551,80.47601,13.627575138862479
2020-01-09 16:26:41,NA-7111,Thursday,Normal,4.0,4.5,4.5,32,32,8.35513,80.47613,13.62757416207337
2020-01-09 16:26:42,NA-7111,Thursday,Normal,4.0,4.5,4.5,32,32,8.35516,80.47625,14.488790494174511
2020-01-09 16:26:43,NA-7111,Thursday,Normal,4.0,4.5,4.5,32,32,8.35518,80.47638,13.62757253047374
2020-01-09 16:26:44,NA-7111,Thursday,Normal,4.0,4.5,4.5,32,32,8.355210000000001,80.4765,13.26368086065292
2020-01-09 16:26:45,NA-7111,Thursday,Normal,4.0,4.5,4.5,32,32,8.35522,80.47662,14.488788331598375
2020-01-09 16:26:46,NA-7111,Thursday,Normal,4.0,4.5,4.5,32,32,8.35524,80.47675,13.40129679770437
2020-01-09 16:26:47,NA-7111,Thursday,Normal,4.0,4.5,4.5,32,32,8.355260000000001,80.47686999999999,14.488786892153557
2020-01-09 16:26:48,NA-7111,Thursday,Normal,4.0,4.5,4.5,32,32,8.35528,80.477,14.361593675934508
2020-01-09 16:26:49,NA-7111,Thursday,Normal,4.0,4.5,4.5,32,32,8.35529,80.47713,15.460012365750403
2020-01-09 16:26:50,NA-7111,Thursday,Normal,4.0,4.5,4.5,32,32,8.3553,80.47726999999999,14.48878545275578
2020-01-09 16:26:51,NA-7111,Thursday,Normal,4.0,4.5,4.5,32,32,8.355319999999999,80.4774,15.460011193631026
2020-01-09 16:26:52,NA-7111,Thursday,Normal,4.0,4.5,4.5,32,32,8.35533,80.47754,15.460010800560463
2020-01-09 16:26:53,NA-7111,Thursday,Normal,4.0,4.5,4.5,32,32,8.35534,80.47768,14.48878400922347
2020-01-09 16:26:54,NA-7111,Thursday,Normal,4.0,4.5,4.5,32,32,8.355360000000001,80.47780999999999,14.361590767761188
2020-01-09 16:26:55,NA-7111,Thursday,Normal,4.0,4.5,4.5,32,32,8.355369999999999,80.47794,12.316284542174731
2020-01-09 16:26:56,NA-7111,Thursday,Normal,4.0,4.5,4.5,32,32,8.35539,80.47805,13.263674823927431
2020-01-09 16:26:57,NA-7111,Thursday,Normal,4.0,4.5,4.5,32,32,8.3554,80.47816999999999,11.069956295634828
2020-01-09 16:26:58,NA-7111,Thursday,Normal,4.0,4.5,4.5,32,32,8.355410000000001,80.47827,11.01456960588502
2020-01-09 16:26:59,NA-7111,Thursday,Normal,4.0,4.5,4.5,32,32,8.355410000000001,80.47837,8.880791609870535
2020-01-09 16:27:00,NA-7111,Thursday,Normal,4.0,4.5,4.5,32,32,8.35542,80.47845,5.507225523248021
2020-01-09 16:27:01,NA-7111,Thursday,Normal,4.0,4.5,4.5,32,32,8.35542,80.4785,3.3043353139488127
2020-01-09 16:27:02,NA-7111,Thursday,Normal,4.0,4.5,4.5,32,32,8.35542,80.47853,1.5608866201182678
2020-01-09 16:27:03,NA-7111,Thursday,Normal,4.0,4.5,4.5,32,32,8.355410000000001,80.47854,2.2028902653956273
2020-01-09 16:27:05,NA-7111,Thursday,Normal,4.0,4.5,4.5,32,32,8.355410000000001,80.47851999999999,2.202890263994345
2020-01-09 16:27:08,NA-7111,Thursday,Normal,4.0,4.5,4.5,32,32,8.355410000000001,80.4785,3.484511133532877
2020-01-09 16:27:17,NA-7111,Thursday,Normal,4.0,4.5,4.5,32,32,8.35542,80.47853,4.405780415795851
2020-01-09 16:27:18,NA-7111,Thursday,Normal,4.0,4.5,4.5,32,32,8.35542,80.47856999999999,5.617180599553788
2020-01-09 16:27:19,NA-7111,Thursday,Normal,4.0,4.5,4.5,32,32,8.35543,80.47861999999999,5.507225381605526
2020-01-09 16:27:20,NA-7111,Thursday,Normal,4.0,4.5,4.5,32,32,8.35543,80.47867,6.700645330433092
2020-01-09 16:27:21,NA-7111,Thursday,Normal,4.0,4.5,4.5,32,32,8.35544,80.47873,6.6087412594763295
2020-01-09 16:27:22,NA-7111,Thursday,Normal,4.0,4.5,4.5,32,32,8.35544,80.47879,7.789116731785409
2020-01-09 16:27:23,NA-7111,Thursday,Normal,4.0,4.5,4.5,32,32,8.35545,80.47886,6.700644997305793
2020-01-09 16:27:24,NA-7111,Thursday,Normal,4.0,4.5,4.5,32,32,8.35546,80.47892,8.021214932834162
2020-01-09 16:27:25,NA-7111,Thursday,Normal,4.0,4.5,4.5,32,32,8.35548,80.47899,7.710197350659492
2020-01-09 16:27:26,NA-7111,Thursday,Normal,4.0,4.5,4.5,32,32,8.35548,80.47906,7.789115954651803
2020-01-09 16:27:27,NA-7111,Thursday,Normal,4.0,4.5,4.5,32,32,8.35549,80.47913,7.710197154309851
2020-01-09 16:27:28,NA-7111,Thursday,Normal,4.0,4.5,4.5,32,32,8.35549,80.4792,9.974615054073636
2020-01-09 16:27:29,NA-7111,Thursday,Normal,4.0,4.5,4.5,32,32,8.3555,80.47929,8.811653663437376
2020-01-09 16:27:30,NA-7111,Thursday,Normal,4.0,4.5,4.5,32,32,8.3555,80.47936999999999,9.974614804652088
2020-01-09 16:27:31,NA-7111,Thursday,Normal,4.0,4.5,4.5,32,32,8.35551,80.47946,12.116023479727179
2020-01-09 16:27:32,NA-7111,Thursday,Normal,4.0,4.5,4.5,32,32,8.35551,80.47957,11.0145668008985
2020-01-09 16:27:33,NA-7111,Thursday,Normal,4.0,4.5,4.5,32,32,8.35551,80.47967,12.166396630235742
2020-01-09 16:27:34,NA-7111,Thursday,Normal,4.0,4.5,4.5,32,32,8.35552,80.47978,13.263670464012682
2020-01-09 16:27:35,NA-7111,Thursday,Normal,4.0,4.5,4.5,32,32,8.35553,80.4799,13.217479486755584
2020-01-09 16:27:36,NA-7111,Thursday,Normal,4.0,4.5,4.5,32,32,8.35553,80.48002,13.217479489558178
2020-01-09 16:27:37,NA-7111,Thursday,Normal,4.0,4.5,4.5,32,32,8.35553,80.48014,13.263670127217313
2020-01-09 16:27:38,NA-7111,Thursday,Normal,4.0,4.5,4.5,32,32,8.35554,80.48026,12.116022554074473
2020-01-09 16:27:39,NA-7111,Thursday,Normal,4.0,4.5,4.5,32,32,8.35554,80.48037,14.318935749036523
2020-01-09 16:27:40,NA-7111,Thursday,Normal,4.0,4.5,4.5,32,32,8.35554,80.4805,13.263669791847384
2020-01-09 16:27:41,NA-7111,Thursday,Normal,4.0,4.5,4.5,32,32,8.35555,80.48062,14.31893538298329
2020-01-09 16:27:42,NA-7111,Thursday,Normal,4.0,4.5,4.5,32,32,8.35555,80.48075,14.318935381581992
2020-01-09 16:27:43,NA-7111,Thursday,Normal,4.0,4.5,4.5,32,32,8.35555,80.48088,15.46000218564346
2020-01-09 16:27:44,NA-7111,Thursday,Normal,4.0,4.5,4.5,32,32,8.35556,80.48102,15.460002184259299
2020-01-09 16:27:45,NA-7111,Thursday,Normal,4.0,4.5,4.5,32,32,8.35555,80.48116,14.31893538298329
2020-01-09 16:27:46,NA-7111,Thursday,Normal,4.0,4.5,4.5,32,32,8.35555,80.48129,15.420391949611565
2020-01-09 16:27:47,NA-7111,Thursday,Normal,4.0,4.5,4.5,32,32,8.35555,80.48143,15.420391949611565
2020-01-09 16:27:48,NA-7111,Thursday,Normal,4.0,4.5,4.5,32,32,8.35555,80.48156999999999,15.46000218564346
2020-01-09 16:27:49,NA-7111,Thursday,Normal,4.0,4.5,4.5,32,32,8.35556,80.48170999999999,16.5218480968884
2020-01-09 16:27:50,NA-7111,Thursday,Normal,4.0,4.5,4.5,32,32,8.35556,80.48186,15.57822860777889
2020-01-09 16:27:51,NA-7111,Thursday,Normal,4.0,4.5,4.5,32,32,8.35558,80.482,15.57822783078453
2020-01-09 16:27:52,NA-7111,Thursday,Normal,4.0,4.5,4.5,32,32,8.3556,80.48214,16.669257268836095
2020-01-09 16:27:53,NA-7111,Thursday,Normal,4.0,4.5,4.5,32,32,8.35562,80.48229,15.77330201576651
2020-01-09 16:27:54,NA-7111,Thursday,Normal,4.0,4.5,4.5,32,32,8.35565,80.48243000000001,17.103867493194052
2020-01-09 16:27:55,NA-7111,Thursday,Normal,4.0,4.5,4.5,32,32,8.35569,80.48258,15.77329932939578
2020-01-09 16:27:56,NA-7111,Thursday,Normal,4.0,4.5,4.5,32,32,8.35572,80.48272,14.98675027643421
2020-01-09 16:27:57,NA-7111,Thursday,Normal,4.0,4.5,4.5,32,32,8.35576,80.48285,11.503442515885244
2020-01-09 16:27:58,NA-7111,Thursday,Normal,4.0,4.5,4.5,32,32,8.355789999999999,80.48295,10.45362503162628
2020-01-09 16:27:59,NA-7111,Thursday,Normal,4.0,4.5,4.5,32,32,8.35582,80.48304,5.934830462167619
2020-01-09 16:28:00,NA-7111,Thursday,Normal,4.0,4.5,4.5,32,32,8.355839999999999,80.48309,3.9763489462022044
2020-01-09 16:28:01,NA-7111,Thursday,Normal,4.0,4.5,4.5,32,32,8.35586,80.48312,1.101443870495394
2020-01-09 16:28:02,NA-7111,Thursday,Normal,4.0,4.5,4.5,32,32,8.35586,80.48313,1.101443870495394
2020-01-09 16:28:03,NA-7111,Thursday,Normal,4.0,4.5,4.5,32,32,8.35586,80.48312,1.101443870495394
2020-01-09 16:28:04,NA-7111,Thursday,Normal,4.0,4.5,4.5,32,32,8.35586,80.48311,1.5608857677683265
2020-01-09 16:28:05,NA-7111,Thursday,Normal,4.0,4.5,4.5,32,32,8.35585,80.4831,1.5608857864411627
2020-01-09 16:28:06,NA-7111,Thursday,Normal,4.0,4.5,4.5,32,32,8.355839999999999,80.48309,1.1014439251934323
2020-01-09 16:28:14,NA-7111,Thursday,Normal,4.0,4.5,4.5,32,32,8.355839999999999,80.4831,3.3043317797841385
2020-01-09 16:28:15,NA-7111,Thursday,Normal,4.0,4.5,4.5,32,32,8.355839999999999,80.48313,5.617174829236845
2020-01-09 16:28:16,NA-7111,Thursday,Normal,4.0,4.5,4.5,32,32,8.35585,80.48318,5.507219491324066
2020-01-09 16:28:17,NA-7111,Thursday,Normal,4.0,4.5,4.5,32,32,8.35585,80.48323,5.617174691770391
2020-01-09 16:28:18,NA-7111,Thursday,Normal,4.0,4.5,4.5,32,32,8.35586,80.48328000000001,6.9690823174926075
2020-01-09 16:28:19,NA-7111,Thursday,Normal,4.0,4.5,4.5,32,32,8.35588,80.48334,5.617174279543756
2020-01-09 16:28:20,NA-7111,Thursday,Normal,4.0,4.5,4.5,32,32,8.355889999999999,80.48339,9.41561213851444
2020-01-09 16:28:21,NA-7111,Thursday,Normal,4.0,4.5,4.5,32,32,8.35592,80.48347,9.085032376856377
2020-01-09 16:28:22,NA-7111,Thursday,Normal,4.0,4.5,4.5,32,32,8.355939999999999,80.48355,10.15688313935316
2020-01-09 16:28:23,NA-7111,Thursday,Normal,4.0,4.5,4.5,32,32,8.355960000000001,80.48364000000001,10.156882645568974
2020-01-09 16:28:24,NA-7111,Thursday,Normal,4.0,4.5,4.5,32,32,8.35598,80.48373000000001,9.415610252358762
2020-01-09 16:28:25,NA-7111,Thursday,Normal,4.0,4.5,4.5,32,32,8.356010000000001,80.48380999999999,10.156881416159193
2020-01-09 16:28:26,NA-7111,Thursday,Normal,4.0,4.5,4.5,32,32,8.35603,80.4839,10.453619298453935
2020-01-09 16:28:27,NA-7111,Thursday,Normal,4.0,4.5,4.5,32,32,8.356060000000001,80.48399,11.23445943821699
2020-01-09 16:28:28,NA-7111,Thursday,Normal,4.0,4.5,4.5,32,32,8.35608,80.48409000000001,11.503433935030964
2020-01-09 16:28:29,NA-7111,Thursday,Normal,4.0,4.5,4.5,32,32,8.356110000000001,80.48419,11.503433131872418
2020-01-09 16:28:30,NA-7111,Thursday,Normal,4.0,4.5,4.5,32,32,8.35614,80.48429,12.316261186179705
2020-01-09 16:28:31,NA-7111,Thursday,Normal,4.0,4.5,4.5,32,32,8.356160000000001,80.4844,12.562093769286022
2020-01-09 16:28:32,NA-7111,Thursday,Normal,4.0,4.5,4.5,32,32,8.35619,80.48451,11.503430987101078
2020-01-09 16:28:33,NA-7111,Thursday,Normal,4.0,4.5,4.5,32,32,8.35622,80.48461,12.316258757945924
2020-01-09 16:28:34,NA-7111,Thursday,Normal,4.0,4.5,4.5,32,32,8.35624,80.48472,12.562091393194326
2020-01-09 16:28:35,NA-7111,Thursday,Normal,4.0,4.5,4.5,32,32,8.35627,80.48483,13.401262619914931
2020-01-09 16:28:36,NA-7111,Thursday,Normal,4.0,4.5,4.5,32,32,8.35629,80.48495,14.488749791181984
2020-01-09 16:28:37,NA-7111,Thursday,Normal,4.0,4.5,4.5,32,32,8.35631,80.48508000000001,14.488749066535247
2020-01-09 16:28:38,NA-7111,Thursday,Normal,4.0,4.5,4.5,32,32,8.35633,80.48521,14.361555505903052
2020-01-09 16:28:39,NA-7111,Thursday,Normal,4.0,4.5,4.5,32,32,8.35634,80.48534000000001,15.459971241943023
2020-01-09 16:28:40,NA-7111,Thursday,Normal,4.0,4.5,4.5,32,32,8.35635,80.48548000000001,16.52181485584213
2020-01-09 16:28:41,NA-7111,Thursday,Normal,4.0,4.5,4.5,32,32,8.35635,80.48563,15.420360531932495
2020-01-09 16:28:42,NA-7111,Thursday,Normal,4.0,4.5,4.5,32,32,8.35635,80.48577,14.318906209424151
2020-01-09 16:28:43,NA-7111,Thursday,Normal,4.0,4.5,4.5,32,32,8.35635,80.4859,15.420360533333787
2020-01-09 16:28:44,NA-7111,Thursday,Normal,4.0,4.5,4.5,32,32,8.35635,80.48604,14.318906208022858
2020-01-09 16:28:45,NA-7111,Thursday,Normal,4.0,4.5,4.5,32,32,8.35635,80.48617,15.420360533333787
2020-01-09 16:28:46,NA-7111,Thursday,Normal,4.0,4.5,4.5,32,32,8.35635,80.48631,16.521814854440834
2020-01-09 16:28:47,NA-7111,Thursday,Normal,4.0,4.5,4.5,32,32,8.35635,80.48646,15.420360533333787
2020-01-09 16:28:48,NA-7111,Thursday,Normal,4.0,4.5,4.5,32,32,8.35635,80.4866,15.459970851607762
2020-01-09 16:28:49,NA-7111,Thursday,Normal,4.0,4.5,4.5,32,32,8.35636,80.48674,16.558790565411407
2020-01-09 16:28:50,NA-7111,Thursday,Normal,4.0,4.5,4.5,32,32,8.35635,80.48689,15.420360533333787
2020-01-09 16:28:51,NA-7111,Thursday,Normal,4.0,4.5,4.5,32,32,8.35635,80.48703,15.459971241942053
2020-01-09 16:28:52,NA-7111,Thursday,Normal,4.0,4.5,4.5,32,32,8.35634,80.48716999999999,15.578199074067985
2020-01-09 16:28:53,NA-7111,Thursday,Normal,4.0,4.5,4.5,32,32,8.35632,80.48731,15.578199852666307
2020-01-09 16:28:54,NA-7111,Thursday,Normal,4.0,4.5,4.5,32,32,8.3563,80.48745,15.578200628463534
2020-01-09 16:28:55,NA-7111,Thursday,Normal,4.0,4.5,4.5,32,32,8.35628,80.48759,15.578201407058165
2020-01-09 16:28:56,NA-7111,Thursday,Normal,4.0,4.5,4.5,32,32,8.35626,80.48773,13.401263615369974
2020-01-09 16:28:57,NA-7111,Thursday,Normal,4.0,4.5,4.5,32,32,8.35624,80.48785,12.316258760716927
2020-01-09 16:28:58,NA-7111,Thursday,Normal,4.0,4.5,4.5,32,32,8.35622,80.48796,9.974596993457308
2020-01-09 16:28:59,NA-7111,Thursday,Normal,4.0,4.5,4.5,32,32,8.35621,80.48805,7.710183015121041
2020-01-09 16:29:00,NA-7111,Thursday,Normal,4.0,4.5,4.5,32,32,8.35621,80.48812,3.4845048435973363
2020-01-09 16:29:01,NA-7111,Thursday,Normal,4.0,4.5,4.5,32,32,8.3562,80.48815,2.2028858335731223
2020-01-09 16:29:03,NA-7111,Thursday,Normal,4.0,4.5,4.5,32,32,8.3562,80.48813,1.5608850889312862
2020-01-09 16:29:04,NA-7111,Thursday,Normal,4.0,4.5,4.5,32,32,8.35621,80.48812,2.202885777471436
2020-01-09 16:29:06,NA-7111,Thursday,Normal,4.0,4.5,4.5,32,32,8.35621,80.48814,4.54246731077475
2020-01-09 16:29:07,NA-7111,Thursday,Normal,4.0,4.5,4.5,32,32,8.3562,80.48818,5.507214583932803
2020-01-09 16:29:08,NA-7111,Thursday,Normal,4.0,4.5,4.5,32,32,8.3562,80.48823,6.700632721609093
2020-01-09 16:29:09,NA-7111,Thursday,Normal,4.0,4.5,4.5,32,32,8.35619,80.48829,6.6087286337016895
2020-01-09 16:29:10,NA-7111,Thursday,Normal,4.0,4.5,4.5,32,32,8.35619,80.48835,6.700632887554452
2020-01-09 16:29:11,NA-7111,Thursday,Normal,4.0,4.5,4.5,32,32,8.35618,80.48841,7.789102550036102
2020-01-09 16:29:12,NA-7111,Thursday,Normal,4.0,4.5,4.5,32,32,8.35617,80.48848000000001,8.880774914173944
2020-01-09 16:29:13,NA-7111,Thursday,Normal,4.0,4.5,4.5,32,32,8.356160000000001,80.48855999999999,8.88077513957999
2020-01-09 16:29:14,NA-7111,Thursday,Normal,4.0,4.5,4.5,32,32,8.35615,80.48864,7.789103130184635
2020-01-09 16:29:15,NA-7111,Thursday,Normal,4.0,4.5,4.5,32,32,8.35614,80.48871,8.880775584763828
2020-01-09 16:29:16,NA-7111,Thursday,Normal,4.0,4.5,4.5,32,32,8.35613,80.48879000000001,9.97459925111882
2020-01-09 16:29:17,NA-7111,Thursday,Normal,4.0,4.5,4.5,32,32,8.356119999999999,80.48888000000001,8.880776027143856
2020-01-09 16:29:18,NA-7111,Thursday,Normal,4.0,4.5,4.5,32,32,8.356110000000001,80.48895999999999,11.234458613877596
2020-01-09 16:29:19,NA-7111,Thursday,Normal,4.0,4.5,4.5,32,32,8.35609,80.48906,11.06993732166817
2020-01-09 16:29:20,NA-7111,Thursday,Normal,4.0,4.5,4.5,32,32,8.35608,80.48916,11.069937599353324
2020-01-09 16:29:21,NA-7111,Thursday,Normal,4.0,4.5,4.5,32,32,8.356069999999999,80.48926,11.069937876967634
2020-01-09 16:29:22,NA-7111,Thursday,Normal,4.0,4.5,4.5,32,32,8.356060000000001,80.48935999999999,11.06993815747595
2020-01-09 16:29:23,NA-7111,Thursday,Normal,4.0,4.5,4.5,32,32,8.35605,80.48946,12.166380346951312
2020-01-09 16:29:24,NA-7111,Thursday,Normal,4.0,4.5,4.5,32,32,8.35604,80.48957,11.069938714150075
2020-01-09 16:29:25,NA-7111,Thursday,Normal,4.0,4.5,4.5,32,32,8.35603,80.48966999999999,12.166380964244066
2020-01-09 16:29:26,NA-7111,Thursday,Normal,4.0,4.5,4.5,32,32,8.35602,80.48978000000001,12.316265431661638
2020-01-09 16:29:27,NA-7111,Thursday,Normal,4.0,4.5,4.5,32,32,8.356,80.48989,12.166381881735322
2020-01-09 16:29:28,NA-7111,Thursday,Normal,4.0,4.5,4.5,32,32,8.35599,80.49,12.166382191783567
2020-01-09 16:29:29,NA-7111,Thursday,Normal,4.0,4.5,4.5,32,32,8.35598,80.49011,13.263655371377835
2020-01-09 16:29:30,NA-7111,Thursday,Normal,4.0,4.5,4.5,32,32,8.35597,80.49023000000001,13.263655705412237
2020-01-09 16:29:31,NA-7111,Thursday,Normal,4.0,4.5,4.5,32,32,8.355960000000001,80.49035,14.318920431880816
2020-01-09 16:29:32,NA-7111,Thursday,Normal,4.0,4.5,4.5,32,32,8.355960000000001,80.49048,13.263655705420685
2020-01-09 16:29:33,NA-7111,Thursday,Normal,4.0,4.5,4.5,32,32,8.35597,80.4906,13.401272576013472
2020-01-09 16:29:34,NA-7111,Thursday,Normal,4.0,4.5,4.5,32,32,8.35599,80.49072,13.62754612031238
2020-01-09 16:29:35,NA-7111,Thursday,Normal,4.0,4.5,4.5,32,32,8.35602,80.49084,14.698301802469066
2020-01-09 16:29:36,NA-7111,Thursday,Normal,4.0,4.5,4.5,32,32,8.35605,80.49096999999999,13.938158270158564
2020-01-09 16:29:37,NA-7111,Thursday,Normal,4.0,4.5,4.5,32,32,8.35609,80.49109,13.627542858086406
2020-01-09 16:29:38,NA-7111,Thursday,Normal,4.0,4.5,4.5,32,32,8.356119999999999,80.49121,14.698298257620827
2020-01-09 16:29:39,NA-7111,Thursday,Normal,4.0,4.5,4.5,32,32,8.35615,80.49134000000001,13.627540901642222
2020-01-09 16:29:40,NA-7111,Thursday,Normal,4.0,4.5,4.5,32,32,8.35618,80.49146,14.69829612696489
2020-01-09 16:29:41,NA-7111,Thursday,Normal,4.0,4.5,4.5,32,32,8.35621,80.49159,14.69829506088891
2020-01-09 16:29:42,NA-7111,Thursday,Normal,4.0,4.5,4.5,32,32,8.35624,80.49172,14.98673219274518
2020-01-09 16:29:43,NA-7111,Thursday,Normal,4.0,4.5,4.5,32,32,8.35628,80.49185,14.698292576708168
2020-01-09 16:29:44,NA-7111,Thursday,Normal,4.0,4.5,4.5,32,32,8.35631,80.49198,13.62753568414607
2020-01-09 16:29:45,NA-7111,Thursday,Normal,4.0,4.5,4.5,32,32,8.35634,80.4921,14.48874799000231
2020-01-09 16:29:46,NA-7111,Thursday,Normal,4.0,4.5,4.5,32,32,8.35636,80.49223,14.698289736032118
2020-01-09 16:29:47,NA-7111,Thursday,Normal,4.0,4.5,4.5,32,32,8.35639,80.49235999999999,14.698288675553199
2020-01-09 16:29:48,NA-7111,Thursday,Normal,4.0,4.5,4.5,32,32,8.35642,80.49249,14.698287609490494
2020-01-09 16:29:49,NA-7111,Thursday,Normal,4.0,4.5,4.5,32,32,8.35645,80.49262,14.986724888098468
2020-01-09 16:29:50,NA-7111,Thursday,Normal,4.0,4.5,4.5,32,32,8.356489999999999,80.49275,16.3819096839773
2020-01-09 16:29:51,NA-7111,Thursday,Normal,4.0,4.5,4.5,32,32,8.356539999999999,80.49289,15.7818102695295
2020-01-09 16:29:52,NA-7111,Thursday,Normal,4.0,4.5,4.5,32,32,8.3566,80.49302,17.254659666328113
2020-01-09 16:29:53,NA-7111,Thursday,Normal,4.0,4.5,4.5,32,32,8.35667,80.49316,15.781805986390584
2020-01-09 16:29:54,NA-7111,Thursday,Normal,4.0,4.5,4.5,32,32,8.35673,80.49329,16.787546376823578
2020-01-09 16:29:55,NA-7111,Thursday,Normal,4.0,4.5,4.5,32,32,8.35679,80.49343,16.787544217617295
2020-01-09 16:29:56,NA-7111,Thursday,Normal,4.0,4.5,4.5,32,32,8.35685,80.49356999999999,17.422665784782936
2020-01-09 16:29:57,NA-7111,Thursday,Normal,4.0,4.5,4.5,32,32,8.3569,80.49372,17.103816757814204
2020-01-09 16:29:58,NA-7111,Thursday,Normal,4.0,4.5,4.5,32,32,8.35694,80.49387,18.170019970734096
2020-01-09 16:29:59,NA-7111,Thursday,Normal,4.0,4.5,4.5,32,32,8.35698,80.49403000000001,17.932854461810674
2020-01-09 16:30:00,NA-7111,Thursday,Normal,4.0,4.5,4.5,32,32,8.35701,80.49419,17.932853137936767
2020-01-09 16:30:01,NA-7111,Thursday,Normal,4.0,4.5,4.5,32,32,8.35704,80.49435,16.851648552776894
2020-01-09 16:30:02,NA-7111,Thursday,Normal,4.0,4.5,4.5,32,32,8.35707,80.4945,17.761509092899047
2020-01-09 16:30:03,NA-7111,Thursday,Normal,4.0,4.5,4.5,32,32,8.35709,80.49466,16.851646491511257
2020-01-09 16:30:04,NA-7111,Thursday,Normal,4.0,4.5,4.5,32,32,8.35712,80.49481,18.854883208459054
2020-01-09 16:30:05,NA-7111,Thursday,Normal,4.0,4.5,4.5,32,32,8.35714,80.49498,17.93284741001287
2020-01-09 16:30:06,NA-7111,Thursday,Normal,4.0,4.5,4.5,32,32,8.35717,80.49514,17.76150463894356
2020-01-09 16:30:07,NA-7111,Thursday,Normal,4.0,4.5,4.5,32,32,8.35719,80.4953,19.016372326601875
2020-01-09 16:30:08,NA-7111,Thursday,Normal,4.0,4.5,4.5,32,32,8.35722,80.49547,17.932843883375135
2020-01-09 16:30:09,NA-7111,Thursday,Normal,4.0,4.5,4.5,32,32,8.35725,80.49563,19.01636951055561
2020-01-09 16:30:10,NA-7111,Thursday,Normal,4.0,4.5,4.5,32,32,8.357280000000001,80.4958,16.669187224949134
2020-01-09 16:30:11,NA-7111,Thursday,Normal,4.0,4.5,4.5,32,32,8.3573,80.49595,16.851637833832545
2020-01-09 16:30:12,NA-7111,Thursday,Normal,4.0,4.5,4.5,32,32,8.357330000000001,80.4961,17.93283903140259
2020-01-09 16:30:13,NA-7111,Thursday,Normal,4.0,4.5,4.5,32,32,8.35736,80.49625999999999,15.773235267929259
2020-01-09 16:30:14,NA-7111,Thursday,Normal,4.0,4.5,4.5,32,32,8.357389999999999,80.4964,16.85163412334757
2020-01-09 16:30:15,NA-7111,Thursday,Normal,4.0,4.5,4.5,32,32,8.35742,80.49655,16.851632886440942
2020-01-09 16:30:16,NA-7111,Thursday,Normal,4.0,4.5,4.5,32,32,8.35745,80.4967,16.66918013504773
2020-01-09 16:30:17,NA-7111,Thursday,Normal,4.0,4.5,4.5,32,32,8.35747,80.49685,16.669179303810104
2020-01-09 16:30:18,NA-7111,Thursday,Normal,4.0,4.5,4.5,32,32,8.357489999999999,80.497,15.4599261955165
2020-01-09 16:30:19,NA-7111,Thursday,Normal,4.0,4.5,4.5,32,32,8.3575,80.49714,15.459925802370162
2020-01-09 16:30:20,NA-7111,Thursday,Normal,4.0,4.5,4.5,32,32,8.357510000000001,80.49728,14.318863902835334
2020-01-09 16:30:21,NA-7111,Thursday,Normal,4.0,4.5,4.5,32,32,8.357510000000001,80.49741,14.361512599957372
2020-01-09 16:30:22,NA-7111,Thursday,Normal,4.0,4.5,4.5,32,32,8.35752,80.49754,14.361512237768556
2020-01-09 16:30:23,NA-7111,Thursday,Normal,4.0,4.5,4.5,32,32,8.35753,80.49767,13.401220807600454
2020-01-09 16:30:24,NA-7111,Thursday,Normal,4.0,4.5,4.5,32,32,8.35755,80.49779000000001,13.263602373190174
2020-01-09 16:30:25,NA-7111,Thursday,Normal,4.0,4.5,4.5,32,32,8.357560000000001,80.49791,13.217411148470308
2020-01-09 16:30:26,NA-7111,Thursday,Normal,4.0,4.5,4.5,32,32,8.357560000000001,80.49803,9.974563376511828
2020-01-09 16:30:27,NA-7111,Thursday,Normal,4.0,4.5,4.5,32,32,8.35755,80.49812,9.974563627406422
2020-01-09 16:30:28,NA-7111,Thursday,Normal,4.0,4.5,4.5,32,32,8.35754,80.49821,6.96905588062522
2020-01-09 16:30:29,NA-7111,Thursday,Normal,4.0,4.5,4.5,32,32,8.35752,80.49826999999999,6.969056201758538
2020-01-09 16:30:30,NA-7111,Thursday,Normal,4.0,4.5,4.5,32,32,8.3575,80.49833000000001,5.617152155773694
2020-01-09 16:30:31,NA-7111,Thursday,Normal,4.0,4.5,4.5,32,32,8.357489999999999,80.49838000000001,6.700611315787425
2020-01-09 16:30:32,NA-7111,Thursday,Normal,4.0,4.5,4.5,32,32,8.35748,80.49844,6.608706920958434
2020-01-09 16:30:33,NA-7111,Thursday,Normal,4.0,4.5,4.5,32,32,8.35748,80.4985,6.608706920958434
2020-01-09 16:30:34,NA-7111,Thursday,Normal,4.0,4.5,4.5,32,32,8.35748,80.49856,5.617152294506924
2020-01-09 16:30:35,NA-7111,Thursday,Normal,4.0,4.5,4.5,32,32,8.357489999999999,80.49861,3.484494571350548
2020-01-09 16:30:36,NA-7111,Thursday,Normal,4.0,4.5,4.5,32,32,8.3575,80.49864000000001,1.5608825658787495
2020-01-09 16:30:37,NA-7111,Thursday,Normal,4.0,4.5,4.5,32,32,8.357510000000001,80.49865,1.1014392404408804
2020-01-09 16:30:39,NA-7111,Thursday,Normal,4.0,4.5,4.5,32,32,8.357510000000001,80.49864000000001,1.5608825472020458
2020-01-09 16:30:41,NA-7111,Thursday,Normal,4.0,4.5,4.5,32,32,8.35752,80.49863,2.202878426172612
2020-01-09 16:30:44,NA-7111,Thursday,Normal,4.0,4.5,4.5,32,32,8.35752,80.49865,3.304317642762108
2020-01-09 16:30:45,NA-7111,Thursday,Normal,4.0,4.5,4.5,32,32,8.35752,80.49868000000001,3.484494331093973
2020-01-09 16:30:46,NA-7111,Thursday,Normal,4.0,4.5,4.5,32,32,8.35753,80.49871,4.40575674152552
2020-01-09 16:30:47,NA-7111,Thursday,Normal,4.0,4.5,4.5,32,32,8.35753,80.49875,5.5071959286584935
2020-01-09 16:30:48,NA-7111,Thursday,Normal,4.0,4.5,4.5,32,32,8.35753,80.4988,5.617151743501948
2020-01-09 16:30:49,NA-7111,Thursday,Normal,4.0,4.5,4.5,32,32,8.35752,80.49885,6.7006108179321116
2020-01-09 16:30:50,NA-7111,Thursday,Normal,4.0,4.5,4.5,32,32,8.357510000000001,80.49891,6.700610985314694
2020-01-09 16:30:51,NA-7111,Thursday,Normal,4.0,4.5,4.5,32,32,8.3575,80.49897,6.700611151256751
2020-01-09 16:30:52,NA-7111,Thursday,Normal,4.0,4.5,4.5,32,32,8.357489999999999,80.49903,8.811609002557436
2020-01-09 16:30:53,NA-7111,Thursday,Normal,4.0,4.5,4.5,32,32,8.357489999999999,80.49911,9.974565132748193
2020-01-09 16:30:54,NA-7111,Thursday,Normal,4.0,4.5,4.5,32,32,8.35748,80.4992,9.974565385013793
2020-01-09 16:30:55,NA-7111,Thursday,Normal,4.0,4.5,4.5,32,32,8.35747,80.49929,9.913060634647543
2020-01-09 16:30:56,NA-7111,Thursday,Normal,4.0,4.5,4.5,32,32,8.35747,80.49938,11.069898806774473
2020-01-09 16:30:57,NA-7111,Thursday,Normal,4.0,4.5,4.5,32,32,8.357460000000001,80.49948,11.069898806779834
2020-01-09 16:30:58,NA-7111,Thursday,Normal,4.0,4.5,4.5,32,32,8.35747,80.49958000000001,12.11596299681265
2020-01-09 16:30:59,NA-7111,Thursday,Normal,4.0,4.5,4.5,32,32,8.35747,80.49969,13.40122279747073
2020-01-09 16:31:00,NA-7111,Thursday,Normal,4.0,4.5,4.5,32,32,8.357489999999999,80.49981,13.62749720490136
2020-01-09 16:31:01,NA-7111,Thursday,Normal,4.0,4.5,4.5,32,32,8.35752,80.49993,14.698248565201554
2020-01-09 16:31:02,NA-7111,Thursday,Normal,4.0,4.5,4.5,32,32,8.35755,80.50005999999999,14.488704397533192
2020-01-09 16:31:03,NA-7111,Thursday,Normal,4.0,4.5,4.5,32,32,8.357569999999999,80.50019,15.773227211305693
2020-01-09 16:31:04,NA-7111,Thursday,Normal,4.0,4.5,4.5,32,32,8.3576,80.50033,14.698245727036591
2020-01-09 16:31:05,NA-7111,Thursday,Normal,4.0,4.5,4.5,32,32,8.35763,80.50046,15.77322490928089
2020-01-09 16:31:06,NA-7111,Thursday,Normal,4.0,4.5,4.5,32,32,8.357660000000001,80.5006,16.851622988872112
2020-01-09 16:31:07,NA-7111,Thursday,Normal,4.0,4.5,4.5,32,32,8.35769,80.50075,15.773222607351023
2020-01-09 16:31:08,NA-7111,Thursday,Normal,4.0,4.5,4.5,32,32,8.35772,80.50089,16.669168879199386
2020-01-09 16:31:09,NA-7111,Thursday,Normal,4.0,4.5,4.5,32,32,8.35774,80.50104,15.578143888050711
2020-01-09 16:31:10,NA-7111,Thursday,Normal,4.0,4.5,4.5,32,32,8.35776,80.50118,16.851618868703117
2020-01-09 16:31:11,NA-7111,Thursday,Normal,4.0,4.5,4.5,32,32,8.35779,80.50133000000001,17.103780627319928
2020-01-09 16:31:12,NA-7111,Thursday,Normal,4.0,4.5,4.5,32,32,8.35783,80.50148,17.103779004857106
2020-01-09 16:31:13,NA-7111,Thursday,Normal,4.0,4.5,4.5,32,32,8.35787,80.50163,16.85161433211987
2020-01-09 16:31:14,NA-7111,Thursday,Normal,4.0,4.5,4.5,32,32,8.3579,80.50178000000001,17.10377616161222
2020-01-09 16:31:15,NA-7111,Thursday,Normal,4.0,4.5,4.5,32,32,8.35794,80.50193,15.773213012893041
2020-01-09 16:31:16,NA-7111,Thursday,Normal,4.0,4.5,4.5,32,32,8.35797,80.50206999999999,15.773211864571964
2020-01-09 16:31:17,NA-7111,Thursday,Normal,4.0,4.5,4.5,32,32,8.357999999999999,80.50220999999999,13.401205210241184
2020-01-09 16:31:18,NA-7111,Thursday,Normal,4.0,4.5,4.5,32,32,8.35802,80.50233,11.503381916009623
2020-01-09 16:31:19,NA-7111,Thursday,Normal,4.0,4.5,4.5,32,32,8.35805,80.50243,8.880732839173504
2020-01-09 16:31:20,NA-7111,Thursday,Normal,4.0,4.5,4.5,32,32,8.35806,80.50251,5.617144322494162
2020-01-09 16:31:21,NA-7111,Thursday,Normal,4.0,4.5,4.5,32,32,8.35807,80.50256,4.542446984616778
2020-01-09 16:31:22,NA-7111,Thursday,Normal,4.0,4.5,4.5,32,32,8.358080000000001,80.5026,3.4844898723937314
2020-01-09 16:31:23,NA-7111,Thursday,Normal,4.0,4.5,4.5,32,32,8.358089999999999,80.50263000000001,1.1014376131834978
2020-01-09 16:31:24,NA-7111,Thursday,Normal,4.0,4.5,4.5,32,32,8.358089999999999,80.50264,1.560881422190557
2020-01-09 16:31:28,NA-7111,Thursday,Normal,4.0,4.5,4.5,32,32,8.3581,80.50265,1.5608814212474003
2020-01-09 16:31:34,NA-7111,Thursday,Normal,4.0,4.5,4.5,32,32,8.358089999999999,80.50265999999999,1.5608814410278764
2020-01-09 16:31:35,NA-7111,Thursday,Normal,4.0,4.5,4.5,32,32,8.358080000000001,80.50267,2.4710137671330124
2020-01-09 16:31:36,NA-7111,Thursday,Normal,4.0,4.5,4.5,32,32,8.35806,80.50268,2.2119548099794977
2020-01-09 16:31:37,NA-7111,Thursday,Normal,4.0,4.5,4.5,32,32,8.358039999999999,80.50268,2.4710138120431915
2020-01-09 16:31:38,NA-7111,Thursday,Normal,4.0,4.5,4.5,32,32,8.35802,80.50269,1.5608815773198008
2020-01-09 16:31:39,NA-7111,Thursday,Normal,4.0,4.5,4.5,32,32,8.35801,80.5027,1.101437837639461
2020-01-09 16:31:40,NA-7111,Thursday,Normal,4.0,4.5,4.5,32,32,8.35801,80.50271,1.560881596986449
2020-01-09 16:31:41,NA-7111,Thursday,Normal,4.0,4.5,4.5,32,32,8.357999999999999,80.50272,1.1014378670975793
2020-01-09 16:31:42,NA-7111,Thursday,Normal,4.0,4.5,4.5,32,32,8.357999999999999,80.50273,1.1014378670975793
2020-01-09 16:31:43,NA-7111,Thursday,Normal,4.0,4.5,4.5,32,32,8.357999999999999,80.50274,2.464923404969402
2020-01-09 16:31:44,NA-7111,Thursday,Normal,4.0,4.5,4.5,32,32,8.35801,80.50276,2.2028756780814676
2020-01-09 16:31:45,NA-7111,Thursday,Normal,4.0,4.5,4.5,32,32,8.35801,80.50278,1.1014378390407342
2020-01-09 16:31:46,NA-7111,Thursday,Normal,4.0,4.5,4.5,32,32,8.35801,80.50279,2.2028756766801947
2020-01-09 16:31:47,NA-7111,Thursday,Normal,4.0,4.5,4.5,32,32,8.35801,80.50281,2.2028756780814676
2020-01-09 16:31:48,NA-7111,Thursday,Normal,4.0,4.5,4.5,32,32,8.35801,80.50283,1.1014378404420075
2020-01-09 16:31:49,NA-7111,Thursday,Normal,4.0,4.5,4.5,32,32,8.35801,80.50284,1.5608815959976392
2020-01-09 16:31:50,NA-7111,Thursday,Normal,4.0,4.5,4.5,32,32,8.357999999999999,80.50285,1.560881616027956
2020-01-09 16:31:51,NA-7111,Thursday,Normal,4.0,4.5,4.5,32,32,8.35799,80.50286,1.1059774015760129
2020-01-09 16:31:52,NA-7111,Thursday,Normal,4.0,4.5,4.5,32,32,8.35798,80.50286,2.471013881292641
2020-01-09 16:31:53,NA-7111,Thursday,Normal,4.0,4.5,4.5,32,32,8.35796,80.50287,1.1059773992539428
2020-01-09 16:31:54,NA-7111,Thursday,Normal,4.0,4.5,4.5,32,32,8.35795,80.50287,2.2119547975974334
2020-01-09 16:31:55,NA-7111,Thursday,Normal,4.0,4.5,4.5,32,32,8.35793,80.50287,11746.077771774162
